{"silhouette": 0.49997273579655532, "features": ["AvgTransValue", "TimeSinceLastTrans", "TransTypePerMonth_TOTAL"], "n_clusters": 3, "cluster_zscores": {"1": {"TimeSinceLastTrans": -0.20305137653158933, "TransTypePerMonth_TOTAL": -0.42040191367668894, "AvgTransValue": 1.4220951210235686, "size": -4}, "0": {"TimeSinceLastTrans": -0.21364504987577321, "TransTypePerMonth_TOTAL": 0.19402797991960305, "AvgTransValue": -0.56382078123029133, "size": 27}, "2": {"TimeSinceLastTrans": 3.3247421559851338, "TransTypePerMonth_TOTAL": -0.11637859346752563, "AvgTransValue": -0.62402798737989706, "size": -23}}, "cluster_stats": {"1": {"TimeSinceLastTrans": {"max": 9800.0, "average": 2476.4166666666665, "median": 1594.5, "stddev": 2598.4176920137647, "min": 550.0}, "TransTypePerMonth_TOTAL": {"max": 8.0, "average": 2.7083333333333335, "median": 2.0, "stddev": 2.3713422125220323, "min": 1.0}, "AvgTransValue": {"max": 1799.0, "average": 1707.6666666666667, "median": 1711.0, "stddev": 44.666044771790077, "min": 1618.0}, "size": 24}, "0": {"TimeSinceLastTrans": {"max": 8502.5900000000001, "average": 2424.7187272727274, "median": 1593.75, "stddev": 1929.7733396297981, "min": 574.66700000000003}, "TransTypePerMonth_TOTAL": {"max": 173.0, "average": 16.636363636363637, "median": 8.0, "stddev": 26.847287749494022, "min": 1.0}, "AvgTransValue": {"max": 1609.0, "average": 1537.9454545454546, "median": 1533.0, "stddev": 33.771649315967103, "min": 1497.0}, "size": 55}, "2": {"TimeSinceLastTrans": {"max": 31135.299999999999, "average": 19692.32, "median": 16943.799999999999, "stddev": 6841.1132910952438, "min": 13108.6}, "TransTypePerMonth_TOTAL": {"max": 14.0, "average": 9.5999999999999996, "median": 13.0, "stddev": 4.6303347611160897, "min": 3.0}, "AvgTransValue": {"max": 1597.0, "average": 1532.8, "median": 1510.0, "stddev": 36.018883936068868, "min": 1502.0}, "size": 5}, "population": {"TimeSinceLastTrans": 291255.13, "TransTypePerMonth_TOTAL": 1028.0, "AvgTransValue": 133235.0, "size": 84}}, "clusters": {"1": [2, 4, 6, 9, 14, 16, 19, 21, 24, 28, 33, 39, 45, 46, 51, 56, 66, 68, 85, 88, 92, 93, 109, 112], "0": [1, 3, 10, 11, 13, 15, 23, 25, 26, 27, 31, 34, 35, 36, 37, 40, 41, 43, 44, 48, 50, 52, 53, 54, 57, 58, 59, 60, 62, 64, 65, 67, 69, 70, 73, 76, 77, 78, 79, 80, 81, 83, 84, 87, 89, 90, 95, 96, 99, 102, 103, 104, 108, 111, 115], "2": [22, 30, 55, 97, 100]}}