{"1": [[0.125, 0.0694444, 1.43056, 1.33333, 0.111111, 0.125, 0.430556, 0.277778, 0.0, 0.416667, 0.0, 0.263889, 0.138889, 0.555556, 0.791667, 0.0833333, 0.0277778, 0.0555556, 0.444444]], "2": [[0.0, 0.0138889, 0.472222, 0.194444, 0.0138889, 0.166667, 0.111111, 0.0416667, 0.0, 0.138889, 0.0, 0.0972222, 0.0416667, 0.263889, 0.638889, 0.0138889, 0.0, 0.0, 0.111111]], "3": [[0.0138889, 0.0555556, 0.277778, 0.166667, 0.0555556, 0.0555556, 0.166667, 0.0555556, 0.0, 0.111111, 0.0277778, 0.0694444, 0.0277778, 0.0416667, 0.25, 0.0277778, 0.0, 0.0138889, 0.0694444]], "4": [[0.0833333, 0.0138889, 0.472222, 0.263889, 0.0277778, 0.0555556, 0.111111, 0.0694444, 0.0138889, 0.0833333, 0.0138889, 0.125, 0.0277778, 0.180556, 0.5, 0.0, 0.0, 0.0138889, 0.180556]], "5": [[0.0694444, 0.0555556, 1.02778, 0.986111, 0.180556, 0.0833333, 0.458333, 0.138889, 0.0, 0.416667, 0.0, 0.166667, 0.138889, 0.638889, 1.09722, 0.111111, 0.0138889, 0.0416667, 0.277778]], "6": [[0.138889, 0.0277778, 0.375, 0.861111, 0.0833333, 0.208333, 0.319444, 0.138889, 0.0, 0.222222, 0.0416667, 0.111111, 0.0555556, 0.277778, 0.736111, 0.0833333, 0.0277778, 0.0277778, 0.208333]], "7": [[0.125, 0.0694444, 1.43056, 1.33333, 0.111111, 0.125, 0.430556, 0.277778, 0.0, 0.416667, 0.0, 0.263889, 0.138889, 0.555556, 0.791667, 0.0833333, 0.0277778, 0.0555556, 0.444444]], "8": [[0.0, 0.0138889, 0.472222, 0.194444, 0.0138889, 0.166667, 0.111111, 0.0416667, 0.0, 0.138889, 0.0, 0.0972222, 0.0416667, 0.263889, 0.638889, 0.0138889, 0.0, 0.0, 0.111111]], "9": [[0.0138889, 0.0555556, 0.277778, 0.166667, 0.0555556, 0.0555556, 0.166667, 0.0555556, 0.0, 0.111111, 0.0277778, 0.0694444, 0.0277778, 0.0416667, 0.25, 0.0277778, 0.0, 0.0138889, 0.0694444]], "10": [[0.0833333, 0.0138889, 0.472222, 0.263889, 0.0277778, 0.0555556, 0.111111, 0.0694444, 0.0138889, 0.0833333, 0.0138889, 0.125, 0.0277778, 0.180556, 0.5, 0.0, 0.0, 0.0138889, 0.180556]]}