{"silhouette": 0.46963770394364052, "features": ["Age", "Gender", "LifeTime", "TimeSinceLastTrans", "AvgTransValue", "TransTypePerMonth_ViewCount", "TransTypePerMonth_LikeCount", "TransTypePerMonth_DislikeCount", "TransTypePerMonth_CommentCount", "TransTypePerMonth_TOTAL"], "n_clusters": 6, "cluster_zscores": {"1": {"TimeSinceLastTrans": NaN, "TransTypePerMonth_DislikeCount": 0.88624932323944772, "AvgTransValue": NaN, "Gender": NaN, "Age": -0.33807142354136865, "TransTypePerMonth_TOTAL": 2.8655395228243945, "TransTypePerMonth_ViewCount": 2.8786184093806377, "TransTypePerMonth_LikeCount": -0.11871257426457708, "TransTypePerMonth_CommentCount": 0.30299050316508885, "LifeTime": NaN, "size": -181}, "0": {"TimeSinceLastTrans": NaN, "TransTypePerMonth_DislikeCount": -0.040048086573163326, "AvgTransValue": NaN, "Gender": NaN, "Age": 0.37174471452319952, "TransTypePerMonth_TOTAL": -0.15208512177800484, "TransTypePerMonth_ViewCount": -0.15227218346520355, "TransTypePerMonth_LikeCount": -0.11871257426457708, "TransTypePerMonth_CommentCount": 0.027228922109340442, "LifeTime": NaN, "size": 260}, "3": {"TimeSinceLastTrans": NaN, "TransTypePerMonth_DislikeCount": -0.040048086573163326, "AvgTransValue": NaN, "Gender": NaN, "Age": 3.2077893561913813, "TransTypePerMonth_TOTAL": -0.061009865450833395, "TransTypePerMonth_ViewCount": -0.059526063062568094, "TransTypePerMonth_LikeCount": -0.11871257426457708, "TransTypePerMonth_CommentCount": -0.25103958241055113, "LifeTime": NaN, "size": -148}, "2": {"TimeSinceLastTrans": NaN, "TransTypePerMonth_DislikeCount": -0.00232556762151853, "AvgTransValue": NaN, "Gender": NaN, "Age": -0.5676635258807381, "TransTypePerMonth_TOTAL": -0.15913459417702625, "TransTypePerMonth_ViewCount": -0.1590975550292523, "TransTypePerMonth_LikeCount": -0.11871257426457708, "TransTypePerMonth_CommentCount": -0.037361223613877642, "LifeTime": NaN, "size": 455}, "5": {"TimeSinceLastTrans": NaN, "TransTypePerMonth_DislikeCount": -0.040048086573163326, "AvgTransValue": NaN, "Gender": NaN, "Age": 0.93599322343745806, "TransTypePerMonth_TOTAL": 5.5142815625687716, "TransTypePerMonth_ViewCount": 5.5037940585077161, "TransTypePerMonth_LikeCount": 5.9830160371122449, "TransTypePerMonth_CommentCount": 1.0199706139100349, "LifeTime": NaN, "size": -190}, "4": {"TimeSinceLastTrans": NaN, "TransTypePerMonth_DislikeCount": -0.040048086573163326, "AvgTransValue": NaN, "Gender": NaN, "Age": 0.16900617725630585, "TransTypePerMonth_TOTAL": 0.28584843200216342, "TransTypePerMonth_ViewCount": 0.2712026556498085, "TransTypePerMonth_LikeCount": 2.8382789835564979, "TransTypePerMonth_CommentCount": 0.042270462894199452, "LifeTime": NaN, "size": -195}}, "cluster_stats": {"1": {"TimeSinceLastTrans": {"max": 0.0, "average": 0.0, "median": 0.0, "stddev": 0.0, "min": 0.0}, "TransTypePerMonth_DislikeCount": {"max": 1.0, "average": 0.037037037037037035, "median": 0.0, "stddev": 0.18885257457751045, "min": 0.0}, "AvgTransValue": {"max": 0.0, "average": 0.0, "median": 0.0, "stddev": 0.0, "min": 0.0}, "Gender": {"max": 1.0, "average": 1.0, "median": 1.0, "stddev": 0.0, "min": 1.0}, "Age": {"max": 411.0, "average": 209.81481481481481, "median": 219.0, "stddev": 101.47177569158207, "min": 0.0}, "TransTypePerMonth_TOTAL": {"max": 637.0, "average": 200.66666666666666, "median": 158.0, "stddev": 131.71658687978237, "min": 82.0}, "TransTypePerMonth_ViewCount": {"max": 637.0, "average": 200.55555555555554, "median": 158.0, "stddev": 131.68293382867955, "min": 82.0}, "TransTypePerMonth_LikeCount": {"max": 0.0, "average": 0.0, "median": 0.0, "stddev": 0.0, "min": 0.0}, "TransTypePerMonth_CommentCount": {"max": 2.0, "average": 0.07407407407407407, "median": 0.0, "stddev": 0.46554833666579748, "min": -1.0}, "LifeTime": {"max": 0.0, "average": 0.0, "median": 0.0, "stddev": 0.0, "min": 0.0}, "size": 27}, "0": {"TimeSinceLastTrans": {"max": 0.0, "average": 0.0, "median": 0.0, "stddev": 0.0, "min": 0.0}, "TransTypePerMonth_DislikeCount": {"max": 0.0, "average": 0.0, "median": 0.0, "stddev": 0.0, "min": 0.0}, "AvgTransValue": {"max": 0.0, "average": 0.0, "median": 0.0, "stddev": 0.0, "min": 0.0}, "Gender": {"max": 1.0, "average": 1.0, "median": 1.0, "stddev": 0.0, "min": 1.0}, "Age": {"max": 530.0, "average": 335.51923076923077, "median": 315.5, "stddev": 66.922982058582932, "min": 252.0}, "TransTypePerMonth_TOTAL": {"max": 72.0, "average": 3.6367521367521367, "median": 1.0, "stddev": 9.4365003136402574, "min": 0.0}, "TransTypePerMonth_ViewCount": {"max": 72.0, "average": 3.641025641025641, "median": 1.0, "stddev": 9.4334932834691401, "min": 0.0}, "TransTypePerMonth_LikeCount": {"max": 0.0, "average": 0.0, "median": 0.0, "stddev": 0.0, "min": 0.0}, "TransTypePerMonth_CommentCount": {"max": 1.0, "average": -0.0042735042735042739, "median": 0.0, "stddev": 0.1306742294993217, "min": -1.0}, "LifeTime": {"max": 0.0, "average": 0.0, "median": 0.0, "stddev": 0.0, "min": 0.0}, "size": 468}, "3": {"TimeSinceLastTrans": {"max": 0.0, "average": 0.0, "median": 0.0, "stddev": 0.0, "min": 0.0}, "TransTypePerMonth_DislikeCount": {"max": 0.0, "average": 0.0, "median": 0.0, "stddev": 0.0, "min": 0.0}, "AvgTransValue": {"max": 0.0, "average": 0.0, "median": 0.0, "stddev": 0.0, "min": 0.0}, "Gender": {"max": 1.0, "average": 1.0, "median": 1.0, "stddev": 0.0, "min": 1.0}, "Age": {"max": 1338.0, "average": 837.76666666666665, "median": 854.5, "stddev": 211.91683641361664, "min": 521.0}, "TransTypePerMonth_TOTAL": {"max": 83.0, "average": 9.5833333333333339, "median": 1.0, "stddev": 19.101737849967698, "min": 0.0}, "TransTypePerMonth_ViewCount": {"max": 83.0, "average": 9.6666666666666661, "median": 1.0, "stddev": 19.193459534145713, "min": 0.0}, "TransTypePerMonth_LikeCount": {"max": 0.0, "average": 0.0, "median": 0.0, "stddev": 0.0, "min": 0.0}, "TransTypePerMonth_CommentCount": {"max": 1.0, "average": -0.083333333333333329, "median": 0.0, "stddev": 0.6135054106435317, "min": -4.0}, "LifeTime": {"max": 0.0, "average": 0.0, "median": 0.0, "stddev": 0.0, "min": 0.0}, "size": 60}, "2": {"TimeSinceLastTrans": {"max": 0.0, "average": 0.0, "median": 0.0, "stddev": 0.0, "min": 0.0}, "TransTypePerMonth_DislikeCount": {"max": 1.0, "average": 0.0015082956259426848, "median": 0.0, "stddev": 0.038807482142590444, "min": 0.0}, "AvgTransValue": {"max": 0.0, "average": 0.0, "median": 0.0, "stddev": 0.0, "min": 0.0}, "Gender": {"max": 1.0, "average": 1.0, "median": 1.0, "stddev": 0.0, "min": 1.0}, "Age": {"max": 252.0, "average": 169.1553544494721, "median": 182.0, "stddev": 60.129234857953023, "min": 0.0}, "TransTypePerMonth_TOTAL": {"max": 74.0, "average": 3.1764705882352939, "median": 1.0, "stddev": 6.837077619776502, "min": -2.0}, "TransTypePerMonth_ViewCount": {"max": 74.0, "average": 3.1975867269984919, "median": 1.0, "stddev": 6.8267856065348242, "min": 0.0}, "TransTypePerMonth_LikeCount": {"max": 0.0, "average": 0.0, "median": 0.0, "stddev": 0.0, "min": 0.0}, "TransTypePerMonth_CommentCount": {"max": 1.0, "average": -0.022624434389140271, "median": 0.0, "stddev": 0.29233710959661696, "min": -4.0}, "LifeTime": {"max": 0.0, "average": 0.0, "median": 0.0, "stddev": 0.0, "min": 0.0}, "size": 663}, "5": {"TimeSinceLastTrans": {"max": 0.0, "average": 0.0, "median": 0.0, "stddev": 0.0, "min": 0.0}, "TransTypePerMonth_DislikeCount": {"max": 0.0, "average": 0.0, "median": 0.0, "stddev": 0.0, "min": 0.0}, "AvgTransValue": {"max": 0.0, "average": 0.0, "median": 0.0, "stddev": 0.0, "min": 0.0}, "Gender": {"max": 1.0, "average": 1.0, "median": 1.0, "stddev": 0.0, "min": 1.0}, "Age": {"max": 1374.0, "average": 435.44444444444446, "median": 307.5, "stddev": 403.84970007035241, "min": 99.0}, "TransTypePerMonth_TOTAL": {"max": 1227.0, "average": 373.61111111111109, "median": 275.5, "stddev": 273.72799533861854, "min": 117.0}, "TransTypePerMonth_ViewCount": {"max": 1218.0, "average": 371.11111111111109, "median": 274.5, "stddev": 271.86473125207954, "min": 116.0}, "TransTypePerMonth_LikeCount": {"max": 8.0, "average": 2.2222222222222223,