{"silhouette": 0.809438878769949, "features": ["Age", "Gender", "LifeTime", "TimeSinceLastTrans", "AvgTransValue", "TransTypePerMonth_ViewCount", "TransTypePerMonth_LikeCount", "TransTypePerMonth_DislikeCount", "TransTypePerMonth_CommentCount", "TransTypePerMonth_TOTAL"], "n_clusters": 2, "cluster_zscores": {"1": {"TimeSinceLastTrans": NaN, "TransTypePerMonth_DislikeCount": 0.5389093523581301, "AvgTransValue": NaN, "Gender": NaN, "Age": 0.3488239700500238, "TransTypePerMonth_TOTAL": 3.7975347388179785, "TransTypePerMonth_ViewCount": 3.7937291242781224, "TransTypePerMonth_LikeCount": 2.839224428322704, "TransTypePerMonth_CommentCount": 0.4871075203700281, "LifeTime": NaN, "size": -366}, "0": {"TimeSinceLastTrans": NaN, "TransTypePerMonth_DislikeCount": -0.023920258459760344, "AvgTransValue": NaN, "Gender": NaN, "Age": -0.015483048278982572, "TransTypePerMonth_TOTAL": -0.16855898318513224, "TransTypePerMonth_ViewCount": -0.16839006556848063, "TransTypePerMonth_LikeCount": -0.12602301640074665, "TransTypePerMonth_CommentCount": -0.02162096043417879, "LifeTime": NaN, "size": 366}}, "cluster_stats": {"1": {"TimeSinceLastTrans": {"max": 0.0, "average": 0.0, "median": 0.0, "stddev": 0.0, "min": 0.0}, "TransTypePerMonth_DislikeCount": {"max": 1.0, "average": 0.029411764705882353, "median": 0.0, "stddev": 0.16895772489817729, "min": 0.0}, "AvgTransValue": {"max": 0.0, "average": 0.0, "median": 0.0, "stddev": 0.0, "min": 0.0}, "Gender": {"max": 1.0, "average": 1.0, "median": 1.0, "stddev": 0.0, "min": 1.0}, "Age": {"max": 1374.0, "average": 335.0882352941176, "median": 234.5, "stddev": 323.8513064434373, "min": 0.0}, "TransTypePerMonth_TOTAL": {"max": 629.0, "average": 204.64705882352942, "median": 161.5, "stddev": 141.06712677323293, "min": 39.0}, "TransTypePerMonth_ViewCount": {"max": 628.0, "average": 203.85294117647058, "median": 160.0, "stddev": 140.88024375186455, "min": 38.0}, "TransTypePerMonth_LikeCount": {"max": 3.0, "average": 0.6764705882352942, "median": 0.5, "stddev": 0.7941176470588236, "min": 0.0}, "TransTypePerMonth_CommentCount": {"max": 2.0, "average": 0.08823529411764706, "median": 0.0, "stddev": 0.4450807632476928, "min": -1.0}, "LifeTime": {"max": 0.0, "average": 0.0, "median": 0.0, "stddev": 0.0, "min": 0.0}, "size": 34}, "0": {"TimeSinceLastTrans": {"max": 0.0, "average": 0.0, "median": 0.0, "stddev": 0.0, "min": 0.0}, "TransTypePerMonth_DislikeCount": {"max": 1.0, "average": 0.0013054830287206266, "median": 0.0, "stddev": 0.036107876464593555, "min": 0.0}, "AvgTransValue": {"max": 0.0, "average": 0.0, "median": 0.0, "stddev": 0.0, "min": 0.0}, "Gender": {"max": 1.0, "average": 1.0, "median": 1.0, "stddev": 0.0, "min": 1.0}, "Age": {"max": 1333.0, "average": 269.02741514360315, "median": 239.0, "stddev": 171.75675930193657, "min": 0.0}, "TransTypePerMonth_TOTAL": {"max": 74.0, "average": 3.7989556135770237, "median": 1.0, "stddev": 8.979745061167666, "min": 0.0}, "TransTypePerMonth_ViewCount": {"max": 74.0, "average": 3.7989556135770237, "median": 1.0, "stddev": 8.983378847349204, "min": 0.0}, "TransTypePerMonth_LikeCount": {"max": 2.0, "average": 0.0039164490861618795, "median": 0.0, "stddev": 0.08069743843616499, "min": 0.0}, "TransTypePerMonth_CommentCount": {"max": 1.0, "average": -0.005221932114882507, "median": 0.0, "stddev": 0.16150043962602728, "min": -3.0}, "LifeTime": {"max": 0.0, "average": 0.0, "median": 0.0, "stddev": 0.0, "min": 0.0}, "size": 766}, "population": {"TimeSinceLastTrans": 0.0, "TransTypePerMonth_DislikeCount": 2.0, "AvgTransValue": 0.0, "Gender": 800.0, "Age": 217468.0, "TransTypePerMonth_TOTAL": 9868.0, "TransTypePerMonth_ViewCount": 9841.0, "TransTypePerMonth_LikeCount": 26.0, "TransTypePerMonth_CommentCount": -1.0, "LifeTime": 0.0, "size": 800}}, "clusters": {"1": [7, 12, 55, 95, 165, 205, 227, 361, 365, 393, 428, 441, 499, 525, 541, 553, 556, 557, 574, 588, 589, 599, 607, 625, 630, 645, 660, 662, 671, 701, 706, 708, 735, 782], "0": [1, 2, 3, 4, 5, 6, 8, 9, 10, 11, 13, 14, 15, 16, 17, 18, 19, 20, 21, 22, 23, 24, 25, 26, 27, 28, 29, 30, 31, 32, 33, 34, 35, 36, 37, 38, 39, 40, 41, 42, 43, 44, 45, 46, 47, 48, 49, 50, 51, 52, 53, 54, 56, 57, 58, 59, 60, 61, 62, 63, 64, 65, 66, 67, 68, 69, 70, 71, 72, 73, 74, 75, 76, 77, 78, 79, 80, 81, 82, 83, 84, 85, 86, 87, 88, 89, 90, 91, 92, 93, 94, 96, 97, 98, 99, 100, 101, 102, 103, 104, 105, 106, 107, 108, 109, 110, 111, 112, 113, 114, 115, 116, 117, 118, 119, 120, 121, 122, 123, 124, 125, 126, 127, 128, 129, 130, 131, 132, 133, 134, 135, 136, 137, 138, 139, 140, 141, 142, 143, 144, 145, 146, 147, 148, 149, 150, 151, 152, 153, 154, 155, 156, 157, 158, 159, 160, 161, 162, 163, 164, 166, 167, 168, 169, 170, 171, 172, 173, 174, 175, 176, 177, 178, 179, 180, 181, 182, 183, 184, 185, 186, 187, 188, 189, 190, 191, 192, 193, 194, 195, 196, 197, 198, 199, 200, 201, 202, 203, 204, 206, 207, 208, 209, 210, 211, 212, 213, 214, 215, 216, 217, 218, 219, 220, 221, 222, 223, 224, 225, 226, 228, 229, 230, 231, 232, 233, 234, 235, 236, 237, 238, 239, 240, 241, 242, 243, 244, 245, 246, 247, 248, 249, 250, 251, 252, 253, 254, 255, 256, 257, 258, 259, 260, 261, 262, 263, 264, 265, 266, 267, 268, 269, 270, 271, 272, 273, 274, 275, 276, 277, 278, 279, 280, 281, 282, 283, 284, 285, 286, 287, 288, 289, 290, 291, 292, 293, 294, 295, 296, 297, 298, 299, 300, 301, 302, 303, 304, 305, 306, 307, 308, 309, 310, 311, 312, 313, 314, 315, 316, 317, 318, 319, 320, 321, 322, 323, 324, 325, 326, 327, 328, 329, 330, 331, 332, 333, 334, 335, 336, 337, 338, 339, 340, 341, 342, 343, 344, 345, 346, 347, 348, 349, 350, 351, 352, 353, 354, 355, 356, 357, 358, 359, 360, 362, 363, 364, 366, 367, 368, 369, 370, 371, 372, 373, 374, 375, 376, 377, 378, 379, 380, 381, 382, 383, 384, 385, 386, 387, 388, 389, 390, 391, 392, 394, 395, 396, 397, 398, 399, 400, 401, 402, 403, 404, 405, 406, 407, 408, 409, 410, 411, 412, 413, 414, 415, 416, 417, 418, 419, 420, 421, 422, 423, 424, 425, 426, 427, 429, 430, 431, 432, 433, 434, 435, 436, 437, 438, 439, 440, 442, 443, 444, 445, 446, 447, 448, 449, 450, 451, 452, 453, 454, 455, 456, 457, 458, 459, 460, 461, 462, 463, 464, 465, 466, 467, 468, 469, 470, 471, 472, 473, 474, 475, 476, 477, 478, 479, 480, 481, 482, 483, 484, 485, 486, 487, 488, 489, 490, 491, 492, 493, 494, 495, 496, 497, 498, 500, 501, 502, 503, 504, 505, 506, 507, 508, 509, 510, 511, 512, 513, 514, 515, 516, 517, 518, 519, 520, 521, 522, 523, 524, 526, 527, 528, 529, 530, 531, 532, 533, 534, 535, 536, 537, 538, 539, 540, 542, 543, 544, 545, 546, 547, 548, 549, 550, 551, 552, 554, 555, 558, 559, 560, 561, 562, 563, 564, 565, 566, 567, 568, 569, 570, 571, 572, 573, 575, 576, 577, 578, 579, 580, 581, 582, 583, 584, 585, 586, 587, 590, 591, 592, 593, 594, 595, 596, 597, 598, 600, 601, 602, 603, 604, 605, 606, 608, 609, 610, 611, 612, 613, 614, 615, 616, 617, 618, 619, 620, 621, 622, 623, 624, 626, 627, 628, 629, 631, 632, 633, 634, 635, 636, 637, 638, 639, 640, 641, 642, 643, 644, 646, 647, 648, 649, 650, 651, 652, 653, 654, 655, 656, 657, 658, 659, 661, 663, 664, 665, 666, 667, 668, 669, 670, 672, 673, 674, 675, 676, 677, 678, 679, 680, 681, 682, 683, 684, 685, 686, 687, 688, 689, 690, 691, 692, 693, 694, 695, 696, 697, 698, 699, 700, 702, 703, 704, 705, 707, 709, 710, 711, 712, 713, 714, 715, 716, 717, 718, 719, 720, 721, 722, 723, 724, 725, 726, 727, 728, 729, 730, 731, 732, 733, 734, 736, 737, 738, 739, 740, 741, 742, 743, 744, 745, 746, 747, 748, 749, 750, 751, 752, 753, 754, 755, 756, 757, 758, 759, 760, 761, 762, 763, 764, 765, 766, 767, 768, 769, 770, 771, 772, 773, 774, 775, 776, 777, 778, 779, 780, 781, 783, 784, 785, 786, 787, 788, 789, 790, 791, 792, 793, 794, 795, 796, 797, 798, 799, 800]}}