{"silhouette": 0.61028858661657981, "features": ["Age", "Gender", "LifeTime", "TimeSinceLastTrans", "AvgTransValue", "TransTypePerMonth_ViewCount", "TransTypePerMonth_LikeCount", "TransTypePerMonth_DislikeCount", "TransTypePerMonth_CommentCount", "TransTypePerMonth_TOTAL"], "n_clusters": 4, "cluster_zscores": {"1": {"TimeSinceLastTrans": NaN, "TransTypePerMonth_DislikeCount": -0.01667422669938716, "AvgTransValue": NaN, "Gender": NaN, "Age": -0.25895867868588218, "TransTypePerMonth_TOTAL": -0.15608326867391598, "TransTypePerMonth_ViewCount": -0.15624095759736642, "TransTypePerMonth_LikeCount": -0.098183393889851325, "TransTypePerMonth_CommentCount": -0.013650330790070761, "LifeTime": NaN, "size": 758}, "0": {"TimeSinceLastTrans": NaN, "TransTypePerMonth_DislikeCount": -0.040048086573163326, "AvgTransValue": NaN, "Gender": NaN, "Age": 0.76384705427389155, "TransTypePerMonth_TOTAL": 4.3115842052996811, "TransTypePerMonth_ViewCount": 4.3008735880160165, "TransTypePerMonth_LikeCount": 5.1440283530479318, "TransTypePerMonth_CommentCount": 0.775545576156076, "LifeTime": NaN, "size": -288}, "3": {"TimeSinceLastTrans": NaN, "TransTypePerMonth_DislikeCount": 0.88624932323944772, "AvgTransValue": NaN, "Gender": NaN, "Age": -0.33807142354136865, "TransTypePerMonth_TOTAL": 2.8655395228243945, "TransTypePerMonth_ViewCount": 2.8786184093806377, "TransTypePerMonth_LikeCount": -0.11871257426457708, "TransTypePerMonth_CommentCount": 0.30299050316508885, "LifeTime": NaN, "size": -285}, "2": {"TimeSinceLastTrans": NaN, "TransTypePerMonth_DislikeCount": -0.040048086573163326, "AvgTransValue": NaN, "Gender": NaN, "Age": 2.0928233228667001, "TransTypePerMonth_TOTAL": -0.10811320751844467, "TransTypePerMonth_ViewCount": -0.10754561356624642, "TransTypePerMonth_LikeCount": -0.11871257426457708, "TransTypePerMonth_CommentCount": -0.095218620842402402, "LifeTime": NaN, "size": -184}}, "cluster_stats": {"1": {"TimeSinceLastTrans": {"max": 0.0, "average": 0.0, "median": 0.0, "stddev": 0.0, "min": 0.0}, "TransTypePerMonth_DislikeCount": {"max": 1.0, "average": 0.00093457943925233649, "median": 0.0, "stddev": 0.030556603222937358, "min": 0.0}, "AvgTransValue": {"max": 0.0, "average": 0.0, "median": 0.0, "stddev": 0.0, "min": 0.0}, "Gender": {"max": 1.0, "average": 1.0, "median": 1.0, "stddev": 0.0, "min": 1.0}, "Age": {"max": 407.0, "average": 223.82523364485982, "median": 221.0, "stddev": 88.224767744874214, "min": 0.0}, "TransTypePerMonth_TOTAL": {"max": 74.0, "average": 3.3757009345794393, "median": 1.0, "stddev": 7.9580070900408213, "min": -2.0}, "TransTypePerMonth_ViewCount": {"max": 74.0, "average": 3.3831775700934581, "median": 1.0, "stddev": 7.9462503469212313, "min": 0.0}, "TransTypePerMonth_LikeCount": {"max": 2.0, "average": 0.0074766355140186919, "median": 0.0, "stddev": 0.096384097826943307, "min": 0.0}, "TransTypePerMonth_CommentCount": {"max": 1.0, "average": -0.015887850467289719, "median": 0.0, "stddev": 0.2459578007686089, "min": -4.0}, "LifeTime": {"max": 0.0, "average": 0.0, "median": 0.0, "stddev": 0.0, "min": 0.0}, "size": 1070}, "0": {"TimeSinceLastTrans": {"max": 0.0, "average": 0.0, "median": 0.0, "stddev": 0.0, "min": 0.0}, "TransTypePerMonth_DislikeCount": {"max": 0.0, "average": 0.0, "median": 0.0, "stddev": 0.0, "min": 0.0}, "AvgTransValue": {"max": 0.0, "average": 0.0, "median": 0.0, "stddev": 0.0, "min": 0.0}, "Gender": {"max": 1.0, "average": 1.0, "median": 1.0, "stddev": 0.0, "min": 1.0}, "Age": {"max": 1374.0, "average": 404.95833333333331, "median": 322.0, "stddev": 354.90145101218673, "min": 99.0}, "TransTypePerMonth_TOTAL": {"max": 1227.0, "average": 295.08333333333331, "median": 210.5, "stddev": 273.51385045165244, "min": 39.0}, "TransTypePerMonth_ViewCount": {"max": 1218.0, "average": 292.95833333333331, "median": 209.0, "stddev": 271.79242679642289, "min": 38.0}, "TransTypePerMonth_LikeCount": {"max": 8.0, "average": 1.9166666666666667, "median": 1.0, "stddev": 1.7057907908715602, "min": 1.0}, "TransTypePerMonth_CommentCount": {"max": 2.0, "average": 0.20833333333333334, "median": 0.0, "stddev": 0.49826086429589156, "min": 0.0}, "LifeTime": {"max": 0.0, "average": 0.0, "median": 0.0, "stddev": 0.0, "min": 0.0}, "size": 24}, "3": {"TimeSinceLastTrans": {"max": 0.0, "average": 0.0, "median": 0.0, "stddev": 0.0, "min": 0.0}, "TransTypePerMonth_DislikeCount": {"max": 1.0, "average": 0.037037037037037035, "median": 0.0, "stddev": 0.18885257457751045, "min": 0.0}, "AvgTransValue": {"max": 0.0, "average": 0.0, "median": 0.0, "stddev": 0.0, "min": 0.0}, "Gender": {"max": 1.0, "average": 1.0, "median": 1.0, "stddev": 0.0, "min": 1.0}, "Age": {"max": 411.0, "average": 209.81481481481481, "median": 219.0, "stddev": 101.47177569158207, "min": 0.0}, "TransTypePerMonth_TOTAL": {"max": 637.0, "average": 200.66666666666666, "median": 158.0, "stddev": 131.71658687978237, "min": 82.0}, "TransTypePerMonth_ViewCount": {"max": 637.0, "average": 200.55555555555554, "median": 158.0, "stddev": 131.68293382867955, "min": 82.0}, "TransTypePerMonth_LikeCount": {"max": 0.0, "average": 0.0, "median": 0.0, "stddev": 0.0, "min": 0.0}, "TransTypePerMonth_CommentCount": {"max": 2.0, "average": 0.07407407407407407, "median": 0.0, "stddev": 0.46554833666579748, "min": -1.0}, "LifeTime": {"max": 0.0, "average": 0.0, "median": 0.0, "stddev": 0.0, "min": 0.0}, "size": 27}, "2": {"TimeSinceLastTrans": {"max": 0.0, "average": 0.0, "median": 0.0, "stddev": 0.0, "min": 0.0}, "TransTypePerMonth_DislikeCount": {"max": 0.0, "average": 0.0, "median": 0.0, "stddev": 0.0, "min": 0.0}, "AvgTransValue": {"max": 0.0, "average": 0.0, "median": 0.0, "stddev": 0.0, "min": 0.0}, "Gender": {"max": 1.0, "average": 1.0, "median": 1.0, "stddev": 0.0, "min": 1.0}, "Age": {"max": 1338.0, "average": 640.3125, "median": 521.5, "stddev": 236.73025755857657, "min": 401.0}, "TransTypePerMonth_TOTAL": {"max": 83.0, "average": 6.5078125, "median": 1.0, "stddev": 14.887597655929708, "min": 0.0}, "TransTypePerMonth_ViewCount": {"max": 83.0, "average": 6.546875, "median": 1.0, "stddev": 14.950888024942699, "min": 0.0}, "TransTypePerMonth_LikeCount": {"max": 0.0, "average": 0.0, "median": 0.0, "stddev": 0.0, "min": 0.0}, "TransTypePerMonth_CommentCount": {"max": 1.0, "average": -0.0390625, "median": 0.0, "stddev": 0.42209195810125311, "min": -4.0}, "LifeTime": {"max": 0.0, "average": 0.0, "median": 0.0, "stddev": 0.0, "min": 0.0}, "size": 128}, "population": {"TimeSinceLastTrans": 0.0, "TransTypePerMonth_DislikeCount": 2.0, "AvgTransValue": 0.0, "Gender": 1249.0, "Age": 336837.0, "TransTypePerMonth_TOTAL": 16945.0, "TransTypePerMonth_ViewCount": 16904.0, "TransTypePerMonth_LikeCount": 54.0, "TransTypePerMonth_CommentCount": -15.0, "LifeTime": 0.0, "size": 1249}},