{"silhouette": 0.41910070531203242, "features": ["AvgTransValue", "TimeSinceLastTrans", "TransTypePerMonth_TOTAL"], "n_clusters": 5, "cluster_zscores": {"1": {"TimeSinceLastTrans": -0.20771615820190473, "TransTypePerMonth_TOTAL": -0.41712528360240908, "AvgTransValue": 1.467712246797285, "size": 7}, "0": {"TimeSinceLastTrans": -0.38000685474046858, "TransTypePerMonth_TOTAL": -0.36646290573397994, "AvgTransValue": -0.25734137934019402, "size": 13}, "3": {"TimeSinceLastTrans": 0.023326482090055462, "TransTypePerMonth_TOTAL": 3.1304581224784607, "AvgTransValue": -0.99144086731052128, "size": -11}, "2": {"TimeSinceLastTrans": 3.3247421559851338, "TransTypePerMonth_TOTAL": -0.11637859346752563, "AvgTransValue": -0.62402798737989706, "size": -11}, "4": {"TimeSinceLastTrans": -0.042848762011752403, "TransTypePerMonth_TOTAL": 0.23413218836755254, "AvgTransValue": -0.82805170009180862, "size": 6}}, "cluster_stats": {"1": {"TimeSinceLastTrans": {"max": 9800.0, "average": 2453.6521739130435, "median": 1480.0, "stddev": 2651.9601400058891, "min": 550.0}, "TransTypePerMonth_TOTAL": {"max": 8.0, "average": 2.7826086956521738, "median": 2.0, "stddev": 2.3948590180731153, "min": 1.0}, "AvgTransValue": {"max": 1799.0, "average": 1711.5652173913043, "median": 1714.0, "stddev": 41.437040861860829, "min": 1646.0}, "size": 23}, "0": {"TimeSinceLastTrans": {"max": 4700.0, "average": 1612.860344827586, "median": 1238.6700000000001, "stddev": 1047.3045882301953, "min": 574.66700000000003}, "TransTypePerMonth_TOTAL": {"max": 14.0, "average": 3.9310344827586206, "median": 3.0, "stddev": 3.073031015056729, "min": 1.0}, "AvgTransValue": {"max": 1618.0, "average": 1564.1379310344828, "median": 1558.0, "stddev": 30.242381928097181, "min": 1509.0}, "size": 29}, "3": {"TimeSinceLastTrans": {"max": 8502.5900000000001, "average": 3581.1580000000004, "median": 1940.54, "stddev": 2686.6621029701523, "min": 1405.0}, "TransTypePerMonth_TOTAL": {"max": 173.0, "average": 83.200000000000003, "median": 57.0, "stddev": 46.140654525049818, "min": 51.0}, "AvgTransValue": {"max": 1510.0, "average": 1501.4000000000001, "median": 1499.0, "stddev": 5.0039984012787215, "min": 1497.0}, "size": 5}, "2": {"TimeSinceLastTrans": {"max": 31135.299999999999, "average": 19692.32, "median": 16943.799999999999, "stddev": 6841.1132910952438, "min": 13108.6}, "TransTypePerMonth_TOTAL": {"max": 14.0, "average": 9.5999999999999996, "median": 13.0, "stddev": 4.6303347611160897, "min": 3.0}, "AvgTransValue": {"max": 1597.0, "average": 1532.8, "median": 1510.0, "stddev": 36.018883936068868, "min": 1502.0}, "size": 5}, "4": {"TimeSinceLastTrans": {"max": 7921.0, "average": 3258.2177272727272, "median": 2641.165, "stddev": 2090.7598252786906, "min": 687.5}, "TransTypePerMonth_TOTAL": {"max": 39.0, "average": 17.545454545454547, "median": 14.5, "stddev": 9.8059688350202521, "min": 4.0}, "AvgTransValue": {"max": 1547.0, "average": 1515.3636363636363, "median": 1508.0, "stddev": 14.611780597565955, "min": 1503.0}, "size": 22}, "population": {"TimeSinceLastTrans": 291255.13, "TransTypePerMonth_TOTAL": 1028.0, "AvgTransValue": 133235.0, "size": 84}}, "clusters": {"1": [2, 4, 6, 9, 14, 16, 19, 21, 24, 28, 33, 39, 46, 51, 56, 66, 68, 85, 88, 92, 93, 109, 112], "0": [3, 23, 25, 26, 27, 35, 41, 44, 45, 50, 53, 54, 57, 64, 65, 67, 69, 70, 76, 77, 78, 79, 81, 83, 84, 102, 103, 104, 111], "3": [11, 43, 48, 60, 96], "2": [22, 30, 55, 97, 100], "4": [1, 10, 13, 15, 31, 34, 36, 37, 40, 52, 58, 59, 62, 73, 80, 87, 89, 90, 95, 99, 108, 115]}}