{"silhouette": 0.5050708457286295, "features": ["Age", "Gender", "LifeTime", "TimeSinceLastTrans", "AvgTransValue", "TransTypePerMonth_ViewCount", "TransTypePerMonth_LikeCount", "TransTypePerMonth_DislikeCount", "TransTypePerMonth_CommentCount", "TransTypePerMonth_TOTAL"], "n_clusters": 8, "cluster_zscores": {"1": {"TimeSinceLastTrans": NaN, "TransTypePerMonth_DislikeCount": -0.040048086573163326, "AvgTransValue": NaN, "Gender": NaN, "Age": 0.935993223437458, "TransTypePerMonth_TOTAL": 5.5142815625687716, "TransTypePerMonth_ViewCount": 5.503794058507716, "TransTypePerMonth_LikeCount": 5.983016037112245, "TransTypePerMonth_CommentCount": 1.0199706139100349, "LifeTime": NaN, "size": -138}, "0": {"TimeSinceLastTrans": NaN, "TransTypePerMonth_DislikeCount": -0.040048086573163326, "AvgTransValue": NaN, "Gender": NaN, "Age": -0.5660784891674588, "TransTypePerMonth_TOTAL": -0.16459839073909105, "TransTypePerMonth_ViewCount": -0.16503218637907102, "TransTypePerMonth_LikeCount": -0.11871257426457708, "TransTypePerMonth_CommentCount": 0.06938695398554773, "LifeTime": NaN, "size": 493}, "3": {"TimeSinceLastTrans": NaN, "TransTypePerMonth_DislikeCount": -0.040048086573163326, "AvgTransValue": NaN, "Gender": NaN, "Age": 0.16900617725630585, "TransTypePerMonth_TOTAL": 0.2858484320021634, "TransTypePerMonth_ViewCount": 0.2712026556498085, "TransTypePerMonth_LikeCount": 2.838278983556498, "TransTypePerMonth_CommentCount": 0.04227046289419945, "LifeTime": NaN, "size": -143}, "2": {"TimeSinceLastTrans": NaN, "TransTypePerMonth_DislikeCount": -0.040048086573163326, "AvgTransValue": NaN, "Gender": NaN, "Age": 0.3714663454564353, "TransTypePerMonth_TOTAL": -0.17408297176374304, "TransTypePerMonth_ViewCount": -0.17454830467416899, "TransTypePerMonth_LikeCount": -0.11871257426457708, "TransTypePerMonth_CommentCount": 0.06578752666028191, "LifeTime": NaN, "size": 293}, "5": {"TimeSinceLastTrans": NaN, "TransTypePerMonth_DislikeCount": -0.040048086573163326, "AvgTransValue": NaN, "Gender": NaN, "Age": 3.2381061170063865, "TransTypePerMonth_TOTAL": -0.0800677942323902, "TransTypePerMonth_ViewCount": -0.07865724981709657, "TransTypePerMonth_LikeCount": -0.11871257426457708, "TransTypePerMonth_CommentCount": -0.25601093911063166, "LifeTime": NaN, "size": -97}, "4": {"TimeSinceLastTrans": NaN, "TransTypePerMonth_DislikeCount": -0.040048086573163326, "AvgTransValue": NaN, "Gender": NaN, "Age": -0.0072161590107541786, "TransTypePerMonth_TOTAL": 0.8376451461060846, "TransTypePerMonth_ViewCount": 0.8417557396019079, "TransTypePerMonth_LikeCount": -0.11871257426457708, "TransTypePerMonth_CommentCount": 0.17263048302964418, "LifeTime": NaN, "size": -129}, "7": {"TimeSinceLastTrans": NaN, "TransTypePerMonth_DislikeCount": 1.3493980281457532, "AvgTransValue": NaN, "Gender": NaN, "Age": -0.28651907037651614, "TransTypePerMonth_TOTAL": 3.6849222996550517, "TransTypePerMonth_ViewCount": 3.7012304531787645, "TransTypePerMonth_LikeCount": -0.11871257426457708, "TransTypePerMonth_CommentCount": 0.4333505233005336, "LifeTime": NaN, "size": -138}, "6": {"TimeSinceLastTrans": NaN, "TransTypePerMonth_DislikeCount": 1.523078792485618, "AvgTransValue": NaN, "Gender": NaN, "Age": -0.25903058186087613, "TransTypePerMonth_TOTAL": -0.13790676935121826, "TransTypePerMonth_ViewCount": -0.11403907532050009, "TransTypePerMonth_LikeCount": -0.11871257426457708, "TransTypePerMonth_CommentCount": -5.677275420548438, "LifeTime": NaN, "size": -140}}, "cluster_stats": {"1": {"TimeSinceLastTrans": {"max": 0.0, "average": 0.0, "median": 0.0, "stddev": 0.0, "min": 0.0}, "TransTypePerMonth_DislikeCount": {"max": 0.0, "average": 0.0, "median": 0.0, "stddev": 0.0, "min": 0.0}, "AvgTransValue": {"max": 0.0, "average": 0.0, "median": 0.0, "stddev": 0.0, "min": 0.0}, "Gender": {"max": 1.0, "average": 1.0, "median": 1.0, "stddev": 0.0, "min": 1.0}, "Age": {"max": 1374.0, "average": 435.44444444444446, "median": 307.5, "stddev": 403.8497000703524, "min": 99.0}, "TransTypePerMonth_TOTAL": {"max": 1227.0, "average": 373.6111111111111, "median": 275.5, "stddev": 273.7279953386185, "min": 117.0}, "TransTypePerMonth_ViewCount": {"max": 1218.0, "average": 371.1111111111111, "median": 274.5, "stddev": 271.86473125207954, "min": 116.0}, "TransTypePerMonth_LikeCount": {"max": 8.0, "average": 2.2222222222222223, "median": 1.5, "stddev": 1.8724777273725242, "min": 1.0}, "TransTypePerMonth_CommentCount": {"max": 2.0, "average": 0.2777777777777778, "median": 0.0, "stddev": 0.558326423395605, "min": 0.0}, "LifeTime": {"max": 0.0, "average": 0.0, "median": 0.0, "stddev": 0.0, "min": 0.0}, "size": 18}, "0": {"TimeSinceLastTrans": {"max": 0.0, "average": 0.0, "median": 0.0, "stddev": 0.0, "min": 0.0}, "TransTypePerMonth_DislikeCount": {"max": 0.0, "average": 0.0, "median": 0.0, "stddev": 0.0, "min": 0.0}, "AvgTransValue": {"max": 0.0, "average": 0.0, "median": 0.0, "stddev": 0.0, "min": 0.0}, "Gender": {"max": 1.0, "average": 1.0, "median": 1.0, "stddev": 0.0, "min": 1.0}, "Age": {"max": 252.0, "average": 169.43605546995377, "median": 182.0, "stddev": 60.091989014865504, "min": 0.0}, "TransTypePerMonth_TOTAL": {"max": 38.0, "average": 2.819722650231125, "median": 1.0, "stddev": 5.154905146803171, "min": 0.0}, "TransTypePerMonth_ViewCount": {"max": 38.0, "average": 2.8120184899845917, "median": 1.0, "stddev": 5.139512224938263, "min": 0.0}, "TransTypePerMonth_LikeCount": {"max": 0.0, "average": 0.0, "median": 0.0, "stddev": 0.0, "min": 0.0}, "TransTypePerMonth_CommentCount": {"max": 1.0, "average": 0.007704160246533128, "median": 0.0, "stddev": 0.08743458218250298, "min": 0.0}, "LifeTime": {"max": 0.0, "average": 0.0, "median": 0.0, "stddev": 0.0, "min": 0.0}, "size": 649}, "3": {"TimeSinceLastTrans": {"max": 0.0, "average": 0.0, "median": 0.0, "stddev": 0.0, "min": 0.0}, "TransTypePerMonth_DislikeCount": {"max": 0.0, "average": 0.0, "median": 0.0, "stddev": 0.0, "min": 0.0}, "AvgTransValue": {"max": 0.0, "average": 0.0, "median": 0.0, "stddev": 0.0, "min": 0.0}, "Gender": {"max": 1.0, "average": 1.0, "median": 1.0, "stddev": 0.0, "min": 1.0}, "Age": {"max": 383.0, "average": 299.61538461538464, "median": 329.0, "stddev": 76.20270383002114, "min": 104.0}, "TransTypePerMonth_TOTAL": {"max": 99.0, "average": 32.23076923076923, "median": 22.0, "stddev": 29.46746275040906, "min": 3.0}, "TransTypePerMonth_ViewCount": {"max": 98.0, "average": 31.153846153846153, "median": 21.0, "stddev": 29.531850221663948, "min": 2.0}, "TransTypePerMonth_LikeCount": {"max": 2.0, "average": 1.0769230769230769, "median": 1.0, "stddev": 0.26646935501059654, "min": 1.0}, "TransTypePerMonth_CommentCount": {"max": 0.0, "average": 0.0, "median": 0.0, "stddev": 0.0, "min": 0.0}, "LifeTime": {"max": 0.0, "average": 0.0, "median": 0.0, "stddev": 0.0, "min": 0.0}, "size": 13}, "2": {"TimeSinceLastTrans": {"max": 0.0, "average": 0.0, "median": 0.0, "stddev": 0.0, "min": 0.0}, "TransTypePerMonth_DislikeCount": {"max": 0.0, "average": 0.0, "median": 0.0, "stddev": 0.0, "min": 0.0}, "AvgTransValue": {"max": 0.0, "average": 0.0, "median": 0.0, "stddev": 0.0, "min": 0.0}, "Gender": {"max": 1.0, "average": 1.0, "median": 1.0, "stddev": 0.0, "min": 1.0}, "Age": {"max": 530.0, "average": 335.4699331848552, "median": 314.0, "stddev": 67.56318240835579, "min": 253.0}, "TransTypePerMonth_TOTAL": {"max": 38.0, "average": 2.200445434298441, "median": 1.0, "stddev": 4.442646112245316, "min": 0.0}, "TransTypePerMonth_ViewCount": {"max": 38.0, "average": 2.1937639198218264, "median": 1.0, "stddev": 4.43566797910764, "min": 0.0}, "TransTypePerMonth_LikeCount": {"max": 0.0, "average": 0.0, "median": 0.0, "stddev": 0.0, "min": 0.0}, "TransTypePerMonth_CommentCount": {"max": 1.0, "average": 0.0066815144766146995, "median": 0.0, "stddev": 0.08146699847738033, "min": 0.0}, "LifeTime": {"max": 0.0, "average": 0.0, "median": 0.0, "stddev": 0.0, "min": 0.0}, "size": 449}, "5": {"TimeSinceLastTrans": {"max": 0.0, "average": 0.0, "median": 0.0, "stddev": 0.0, "min": 0.0},