{"silhouette": 0.5977197093458555, "features": ["Age", "Gender", "LifeTime", "TimeSinceLastTrans", "AvgTransValue", "TransTypePerMonth_ViewCount", "TransTypePerMonth_LikeCount", "TransTypePerMonth_DislikeCount", "TransTypePerMonth_CommentCount", "TransTypePerMonth_TOTAL"], "n_clusters": 3, "cluster_zscores": {"1": {"TimeSinceLastTrans": NaN, "TransTypePerMonth_DislikeCount": -0.016826145937192574, "AvgTransValue": NaN, "Gender": NaN, "Age": -0.26207709095925807, "TransTypePerMonth_TOTAL": -0.1470905984292552, "TransTypePerMonth_ViewCount": -0.14724708400025424, "TransTypePerMonth_LikeCount": -0.090668417694182227, "TransTypePerMonth_CommentCount": -0.013286871592494257, "LifeTime": NaN, "size": 661}, "0": {"TimeSinceLastTrans": NaN, "TransTypePerMonth_DislikeCount": 0.56995264671806833, "AvgTransValue": NaN, "Gender": NaN, "Age": 0.29347742103326563, "TransTypePerMonth_TOTAL": 4.1810594737727858, "TransTypePerMonth_ViewCount": 4.1832600043237953, "TransTypePerMonth_LikeCount": 2.7610056850071669, "TransTypePerMonth_CommentCount": 0.64319836059173741, "LifeTime": NaN, "size": -375}, "2": {"TimeSinceLastTrans": NaN, "TransTypePerMonth_DislikeCount": -0.040048086573163326, "AvgTransValue": NaN, "Gender": NaN, "Age": 2.0627820816851696, "TransTypePerMonth_TOTAL": -0.099289037529590757, "TransTypePerMonth_ViewCount": -0.098691226786273165, "TransTypePerMonth_LikeCount": -0.11871257426457708, "TransTypePerMonth_CommentCount": -0.09207001587133519, "LifeTime": NaN, "size": -285}}, "cluster_stats": {"1": {"TimeSinceLastTrans": {"max": 0.0, "average": 0.0, "median": 0.0, "stddev": 0.0, "min": 0.0}, "TransTypePerMonth_DislikeCount": {"max": 1.0, "average": 0.00092850510677808728, "median": 0.0, "stddev": 0.030457232064729646, "min": 0.0}, "AvgTransValue": {"max": 0.0, "average": 0.0, "median": 0.0, "stddev": 0.0, "min": 0.0}, "Gender": {"max": 1.0, "average": 1.0, "median": 1.0, "stddev": 0.0, "min": 1.0}, "Age": {"max": 405.0, "average": 223.27298050139277, "median": 221.0, "stddev": 88.304643527172857, "min": 0.0}, "TransTypePerMonth_TOTAL": {"max": 102.0, "average": 3.9628597957288765, "median": 1.0, "stddev": 10.372116144123012, "min": -2.0}, "TransTypePerMonth_ViewCount": {"max": 102.0, "average": 3.9675023212627671, "median": 1.0, "stddev": 10.352912049854242, "min": 0.0}, "TransTypePerMonth_LikeCount": {"max": 2.0, "average": 0.01021355617455896, "median": 0.0, "stddev": 0.10939035450342123, "min": 0.0}, "TransTypePerMonth_CommentCount": {"max": 1.0, "average": -0.015784586815227482, "median": 0.0, "stddev": 0.24516051631461405, "min": -4.0}, "LifeTime": {"max": 0.0, "average": 0.0, "median": 0.0, "stddev": 0.0, "min": 0.0}, "size": 1077}, "0": {"TimeSinceLastTrans": {"max": 0.0, "average": 0.0, "median": 0.0, "stddev": 0.0, "min": 0.0}, "TransTypePerMonth_DislikeCount": {"max": 1.0, "average": 0.024390243902439025, "median": 0.0, "stddev": 0.1542574468374818, "min": 0.0}, "AvgTransValue": {"max": 0.0, "average": 0.0, "median": 0.0, "stddev": 0.0, "min": 0.0}, "Gender": {"max": 1.0, "average": 1.0, "median": 1.0, "stddev": 0.0, "min": 1.0}, "Age": {"max": 1374.0, "average": 321.65853658536588, "median": 258.0, "stddev": 293.40088364673966, "min": 0.0}, "TransTypePerMonth_TOTAL": {"max": 1227.0, "average": 286.5609756097561, "median": 210.0, "stddev": 221.54634473929121, "min": 64.0}, "TransTypePerMonth_ViewCount": {"max": 1218.0, "average": 285.3170731707317, "median": 209.0, "stddev": 220.19065342300138, "min": 63.0}, "TransTypePerMonth_LikeCount": {"max": 8.0, "average": 1.0487804878048781, "median": 1.0, "stddev": 1.6372377021305768, "min": 0.0}, "TransTypePerMonth_CommentCount": {"max": 2.0, "average": 0.17073170731707318, "median": 0.0, "stddev": 0.53658536585365868, "min": -1.0}, "LifeTime": {"max": 0.0, "average": 0.0, "median": 0.0, "stddev": 0.0, "min": 0.0}, "size": 41}, "2": {"TimeSinceLastTrans": {"max": 0.0, "average": 0.0, "median": 0.0, "stddev": 0.0, "min": 0.0}, "TransTypePerMonth_DislikeCount": {"max": 0.0, "average": 0.0, "median": 0.0, "stddev": 0.0, "min": 0.0}, "AvgTransValue": {"max": 0.0, "average": 0.0, "median": 0.0, "stddev": 0.0, "min": 0.0}, "Gender": {"max": 1.0, "average": 1.0, "median": 1.0, "stddev": 0.0, "min": 1.0}, "Age": {"max": 1338.0, "average": 634.99236641221376, "median": 518.0, "stddev": 236.5704225536754, "min": 401.0}, "TransTypePerMonth_TOTAL": {"max": 94.0, "average": 7.0839694656488552, "median": 1.0, "stddev": 16.589814850155101, "min": 0.0}, "TransTypePerMonth_ViewCount": {"max": 94.0, "average": 7.1221374045801529, "median": 1.0, "stddev": 16.644015452808667, "min": 0.0}, "TransTypePerMonth_LikeCount": {"max": 0.0, "average": 0.0, "median": 0.0, "stddev": 0.0, "min": 0.0}, "TransTypePerMonth_CommentCount": {"max": 1.0, "average": -0.038167938931297711, "median": 0.0, "stddev": 0.41727176698370788, "min": -4.0}, "LifeTime": {"max": 0.0, "average": 0.0, "median": 0.0, "stddev": 0.0, "min": 0.0}, "size": 131}, "population": {"TimeSinceLastTrans": 0.0, "TransTypePerMonth_DislikeCount": 2.0, "AvgTransValue": 0.0, "Gender": 1249.0, "Age": 336837.0, "TransTypePerMonth_TOTAL": 16945.0, "TransTypePerMonth_ViewCount": 16904.0, "TransTypePerMonth_LikeCount": 54.0, "TransTypePerMonth_CommentCount": -15.0, "LifeTime": 0.0, "size": 1249}},