{"silhouette": 0.43037840558697965, "features": ["Age", "Gender", "LifeTime", "TimeSinceLastTrans", "AvgTransValue", "TransTypePerMonth_ViewCount", "TransTypePerMonth_LikeCount", "TransTypePerMonth_DislikeCount", "TransTypePerMonth_CommentCount", "TransTypePerMonth_TOTAL"], "n_clusters": 4, "cluster_zscores": {"1": {"TimeSinceLastTrans": NaN, "TransTypePerMonth_DislikeCount": 0.0029244736758753309, "AvgTransValue": NaN, "Gender": NaN, "Age": -0.63178971866155686, "TransTypePerMonth_TOTAL": -0.14881121544908266, "TransTypePerMonth_ViewCount": -0.14867748298809327, "TransTypePerMonth_LikeCount": -0.113994742864028, "TransTypePerMonth_CommentCount": -0.054491613907367766, "LifeTime": NaN, "size": 44}, "0": {"TimeSinceLastTrans": NaN, "TransTypePerMonth_DislikeCount": 0.5699526467180683, "AvgTransValue": NaN, "Gender": NaN, "Age": 0.29347742103326563, "TransTypePerMonth_TOTAL": 4.181059473772786, "TransTypePerMonth_ViewCount": 4.183260004323795, "TransTypePerMonth_LikeCount": 2.761005685007167, "TransTypePerMonth_CommentCount": 0.6431983605917374, "LifeTime": NaN, "size": -375}, "3": {"TimeSinceLastTrans": NaN, "TransTypePerMonth_DislikeCount": -0.040048086573163326, "AvgTransValue": NaN, "Gender": NaN, "Age": 2.0627820816851696, "TransTypePerMonth_TOTAL": -0.09928903752959076, "TransTypePerMonth_ViewCount": -0.09869122678627316, "TransTypePerMonth_LikeCount": -0.11871257426457708, "TransTypePerMonth_CommentCount": -0.09207001587133519, "LifeTime": NaN, "size": -285}, "2": {"TimeSinceLastTrans": NaN, "TransTypePerMonth_DislikeCount": -0.040048086573163326, "AvgTransValue": NaN, "Gender": NaN, "Age": 0.17261533191495965, "TransTypePerMonth_TOTAL": -0.14506756993321562, "TransTypePerMonth_ViewCount": -0.14556528155394655, "TransTypePerMonth_LikeCount": -0.063242314161151433, "TransTypePerMonth_CommentCount": 0.035159916341357005, "LifeTime": NaN, "size": -43}}, "cluster_stats": {"1": {"TimeSinceLastTrans": {"max": 0.0, "average": 0.0, "median": 0.0, "stddev": 0.0, "min": 0.0}, "TransTypePerMonth_DislikeCount": {"max": 1.0, "average": 0.001718213058419244, "median": 0.0, "stddev": 0.041415707193106444, "min": 0.0}, "AvgTransValue": {"max": 0.0, "average": 0.0, "median": 0.0, "stddev": 0.0, "min": 0.0}, "Gender": {"max": 1.0, "average": 1.0, "median": 1.0, "stddev": 0.0, "min": 1.0}, "Age": {"max": 230.0, "average": 157.79896907216494, "median": 175.0, "stddev": 57.356386908626867, "min": 0.0}, "TransTypePerMonth_TOTAL": {"max": 102.0, "average": 3.8505154639175259, "median": 1.0, "stddev": 10.316969210295561, "min": -2.0}, "TransTypePerMonth_ViewCount": {"max": 102.0, "average": 3.8745704467353952, "median": 1.0, "stddev": 10.314458177524223, "min": 0.0}, "TransTypePerMonth_LikeCount": {"max": 1.0, "average": 0.001718213058419244, "median": 0.0, "stddev": 0.041415707193106416, "min": 0.0}, "TransTypePerMonth_CommentCount": {"max": 1.0, "average": -0.027491408934707903, "median": 0.0, "stddev": 0.3089727394225304, "min": -4.0}, "LifeTime": {"max": 0.0, "average": 0.0, "median": 0.0, "stddev": 0.0, "min": 0.0}, "size": 582}, "0": {"TimeSinceLastTrans": {"max": 0.0, "average": 0.0, "median": 0.0, "stddev": 0.0, "min": 0.0}, "TransTypePerMonth_DislikeCount": {"max": 1.0, "average": 0.024390243902439025, "median": 0.0, "stddev": 0.1542574468374818, "min": 0.0}, "AvgTransValue": {"max": 0.0, "average": 0.0, "median": 0.0, "stddev": 0.0, "min": 0.0}, "Gender": {"max": 1.0, "average": 1.0, "median": 1.0, "stddev": 0.0, "min": 1.0}, "Age": {"max": 1374.0, "average": 321.6585365853659, "median": 258.0, "stddev": 293.40088364673966, "min": 0.0}, "TransTypePerMonth_TOTAL": {"max": 1227.0, "average": 286.5609756097561, "median": 210.0, "stddev": 221.54634473929121, "min": 64.0}, "TransTypePerMonth_ViewCount": {"max": 1218.0, "average": 285.3170731707317, "median": 209.0, "stddev": 220.19065342300138, "min": 63.0}, "TransTypePerMonth_LikeCount": {"max": 8.0, "average": 1.048780487804878, "median": 1.0, "stddev": 1.6372377021305768, "min": 0.0}, "TransTypePerMonth_CommentCount": {"max": 2.0, "average": 0.17073170731707318, "median": 0.0, "stddev": 0.5365853658536587, "min": -1.0}, "LifeTime": {"max": 0.0, "average": 0.0, "median": 0.0, "stddev": 0.0, "min": 0.0}, "size": 41}, "3": {"TimeSinceLastTrans": {"max": 0.0, "average": 0.0, "median": 0.0, "stddev": 0.0, "min": 0.0}, "TransTypePerMonth_DislikeCount": {"max": 0.0, "average": 0.0, "median": 0.0, "stddev": 0.0, "min": 0.0}, "AvgTransValue": {"max": 0.0, "average": 0.0, "median": 0.0, "stddev": 0.0, "min": 0.0}, "Gender": {"max": 1.0, "average": 1.0, "median": 1.0, "stddev": 0.0, "min": 1.0}, "Age": {"max": 1338.0, "average": 634.9923664122138, "median": 518.0, "stddev": 236.5704225536754, "min": 401.0}, "TransTypePerMonth_TOTAL": {"max": 94.0, "average": 7.083969465648855, "median": 1.0, "stddev": 16.5898148501551, "min": 0.0}, "TransTypePerMonth_ViewCount": {"max": 94.0, "average": 7.122137404580153, "median": 1.0, "stddev": 16.644015452808667, "min": 0.0}, "TransTypePerMonth_LikeCount": {"max": 0.0, "average": 0.0, "median": 0.0, "stddev": 0.0, "min": 0.0}, "TransTypePerMonth_CommentCount": {"max": 1.0, "average": -0.03816793893129771, "median": 0.0, "stddev": 0.4172717669837079, "min": -4.0}, "LifeTime": {"max": 0.0, "average": 0.0, "median": 0.0, "stddev": 0.0, "min": 0.0}, "size": 131}, "2": {"TimeSinceLastTrans": {"max": 0.0, "average": 0.0, "median": 0.0, "stddev": 0.0, "min": 0.0}, "TransTypePerMonth_DislikeCount": {"max": 0.0, "average": 0.0, "median": 0.0, "stddev": 0.0, "min": 0.0}, "AvgTransValue": {"max": 0.0, "average": 0.0, "median": 0.0, "stddev": 0.0, "min": 0.0}, "Gender": {"max": 1.0, "average": 1.0, "median": 1.0, "stddev": 0.0, "min": 1.0}, "Age": {"max": 405.0, "average": 300.25454545454545, "median": 294.0, "stddev": 46.168377110262462, "min": 222.0}, "TransTypePerMonth_TOTAL": {"max": 90.0, "average": 4.0949494949494953, "median": 1.0, "stddev": 10.435035912367439, "min": 0.0}, "TransTypePerMonth_ViewCount": {"max": 90.0, "average": 4.0767676767676768, "median": 1.0, "stddev": 10.396880148622156, "min": 0.0}, "TransTypePerMonth_LikeCount": {"max": 2.0, "average": 0.020202020202020204, "median": 0.0, "stddev": 0.15438362161246744, "min": 0.0}, "TransTypePerMonth_CommentCount": {"max": 1.0, "average": -0.0020202020202020202, "median": 0.0, "stddev": 0.13482483808859427, "min": -1.0}, "LifeTime": {"max": 0.0, "average": 0.0, "median": 0.0, "stddev": 0.0, "min": 0.0}, "size": 495}, "population": {"TimeSinceLastTrans": 0.0, "TransTypePerMonth_DislikeCount": 2.0, "AvgTransValue": 0.0, "Gender": 1249.0, "Age": 336837.0, "TransTypePerMonth_TOTAL": 16945.0, "TransTypePerMonth_ViewCount": 16904.0, "TransTypePerMonth_LikeCount": 54.0, "TransTypePerMonth_CommentCount": -15.0, "LifeTime": 0.0, "size": 1249}},