{"silhouette": 0.42898658901791153, "features": ["AvgTransValue", "TimeSinceLastTrans", "TransTypePerMonth_TOTAL"], "n_clusters": 6, "cluster_zscores": {"1": {"TimeSinceLastTrans": -0.40688867453714883, "TransTypePerMonth_TOTAL": -0.41415234119355021, "AvgTransValue": 1.454077983183135, "size": 6}, "0": {"TimeSinceLastTrans": -0.026607138898561943, "TransTypePerMonth_TOTAL": 0.26258707912347845, "AvgTransValue": -0.82116277191046272, "size": 7}, "3": {"TimeSinceLastTrans": -0.38013738782874473, "TransTypePerMonth_TOTAL": -0.36636149279307711, "AvgTransValue": -0.28118730642552375, "size": 16}, "2": {"TimeSinceLastTrans": 3.3247421559851338, "TransTypePerMonth_TOTAL": -0.11637859346752563, "AvgTransValue": -0.62402798737989706, "size": -9}, "5": {"TimeSinceLastTrans": 1.1201006173663892, "TransTypePerMonth_TOTAL": -0.4369448996614681, "AvgTransValue": 1.5586073375583003, "size": -11}, "4": {"TimeSinceLastTrans": 0.023326482090055462, "TransTypePerMonth_TOTAL": 3.1304581224784607, "AvgTransValue": -0.99144086731052128, "size": -9}}, "cluster_stats": {"1": {"TimeSinceLastTrans": {"max": 3454.0, "average": 1481.675, "median": 1236.625, "stddev": 878.98284557350712, "min": 550.0}, "TransTypePerMonth_TOTAL": {"max": 8.0, "average": 2.8500000000000001, "median": 2.0, "stddev": 2.5154522456210535, "min": 1.0}, "AvgTransValue": {"max": 1799.0, "average": 1710.4000000000001, "median": 1711.0, "stddev": 38.547892289981306, "min": 1646.0}, "size": 20}, "0": {"TimeSinceLastTrans": {"max": 7921.0, "average": 3337.4780952380947, "median": 2747.0, "stddev": 2107.4212078625274, "min": 687.5}, "TransTypePerMonth_TOTAL": {"max": 39.0, "average": 18.19047619047619, "median": 16.0, "stddev": 9.5698885280816786, "min": 8.0}, "AvgTransValue": {"max": 1547.0, "average": 1515.952380952381, "median": 1510.0, "stddev": 14.69848126419607, "min": 1503.0}, "size": 21}, "3": {"TimeSinceLastTrans": {"max": 4700.0, "average": 1612.2233333333331, "median": 1304.835, "stddev": 1029.7072908854998, "min": 574.66700000000003}, "TransTypePerMonth_TOTAL": {"max": 14.0, "average": 3.9333333333333331, "median": 3.0, "stddev": 3.0214051182999095, "min": 1.0}, "AvgTransValue": {"max": 1618.0, "average": 1562.0999999999999, "median": 1557.5, "stddev": 31.694741940370278, "min": 1503.0}, "size": 30}, "2": {"TimeSinceLastTrans": {"max": 31135.299999999999, "average": 19692.32, "median": 16943.799999999999, "stddev": 6841.1132910952438, "min": 13108.6}, "TransTypePerMonth_TOTAL": {"max": 14.0, "average": 9.5999999999999996, "median": 13.0, "stddev": 4.6303347611160897, "min": 3.0}, "AvgTransValue": {"max": 1597.0, "average": 1532.8, "median": 1510.0, "stddev": 36.018883936068868, "min": 1502.0}, "size": 5}, "5": {"TimeSinceLastTrans": {"max": 9800.0, "average": 8933.5, "median": 8899.0, "stddev": 693.83871805100841, "min": 8101.5}, "TransTypePerMonth_TOTAL": {"max": 4.0, "average": 2.3333333333333335, "median": 2.0, "stddev": 1.247219128924647, "min": 1.0}, "AvgTransValue": {"max": 1791.0, "average": 1719.3333333333333, "median": 1714.0, "stddev": 56.464344698422046, "min": 1653.0}, "size": 3}, "4": {"TimeSinceLastTrans": {"max": 8502.5900000000001, "average": 3581.1580000000004, "median": 1940.54, "stddev": 2686.6621029701523, "min": 1405.0}, "TransTypePerMonth_TOTAL": {"max": 173.0, "average": 83.200000000000003, "median": 57.0, "stddev": 46.140654525049818, "min": 51.0}, "AvgTransValue": {"max": 1510.0, "average": 1501.4000000000001, "median": 1499.0, "stddev": 5.0039984012787215, "min": 1497.0}, "size": 5}, "population": {"TimeSinceLastTrans": 291255.13, "TransTypePerMonth_TOTAL": 1028.0, "AvgTransValue": 133235.0, "size": 84}}, "clusters": {"1": [2, 4, 6, 9, 14, 19, 21, 24, 28, 33, 39, 46, 56, 66, 68, 85, 88, 93, 109, 112], "0": [1, 10, 13, 15, 34, 36, 37, 40, 52, 58, 59, 62, 73, 80, 87, 89, 90, 95, 99, 108, 115], "3": [3, 23, 25, 26, 27, 31, 35, 41, 44, 45, 50, 53, 54, 57, 64, 65, 67, 69, 70, 76, 77, 78, 79, 81, 83, 84, 102, 103, 104, 111], "2": [22, 30, 55, 97, 100], "5": [16, 51, 92], "4": [11, 43, 48, 60, 96]}}