{"silhouette": 0.506888869909709, "features": ["AvgTransValue", "TimeSinceLastTrans", "TransTypePerMonth_TOTAL"], "n_clusters": 5, "cluster_zscores": {"1": {"TimeSinceLastTrans": -0.3316706443734363, "TransTypePerMonth_TOTAL": -0.5198804829524211, "AvgTransValue": -0.7272803913519201, "size": 291}, "0": {"TimeSinceLastTrans": -0.11499874189656237, "TransTypePerMonth_TOTAL": 1.7908572067440414, "AvgTransValue": 0.9838949973519951, "size": -127}, "3": {"TimeSinceLastTrans": 0.021694461888469286, "TransTypePerMonth_TOTAL": 1.8782708865581808, "AvgTransValue": -0.7851730691336595, "size": -113}, "2": {"TimeSinceLastTrans": -0.3256603242687813, "TransTypePerMonth_TOTAL": -0.5198804829524211, "AvgTransValue": 1.0394853903816705, "size": 98}, "4": {"TimeSinceLastTrans": 2.6647899059934304, "TransTypePerMonth_TOTAL": -0.44267744344786936, "AvgTransValue": 0.09419003969584873, "size": -146}}, "cluster_stats": {"1": {"TimeSinceLastTrans": {"max": 5000.0, "average": 824.9783963963964, "median": 353.1, "stddev": 1013.8176034431945, "min": 0.27}, "TransTypePerMonth_TOTAL": {"max": 1.0, "average": 1.0, "median": 1.0, "stddev": 0.0, "min": 1.0}, "AvgTransValue": {"max": 1109.0, "average": 539.6828828828828, "median": 529.0, "stddev": 325.9345598039151, "min": 11.0}, "size": 555}, "0": {"TimeSinceLastTrans": {"max": 6211.29, "average": 1351.095, "median": 888.59, "stddev": 1385.4803537335893, "min": 34.575}, "TransTypePerMonth_TOTAL": {"max": 3.0, "average": 2.0145985401459856, "median": 2.0, "stddev": 0.1199392461690145, "min": 2.0}, "AvgTransValue": {"max": 2258.0, "average": 1650.1751824817518, "median": 1648.0, "stddev": 330.74609084669186, "min": 1078.0}, "size": 137}, "3": {"TimeSinceLastTrans": {"max": 7376.76, "average": 1683.0095827814569, "median": 1121.02, "stddev": 1725.1977491599548, "min": 28.36}, "TransTypePerMonth_TOTAL": {"max": 4.0, "average": 2.052980132450331, "median": 2.0, "stddev": 0.25182984558717275, "min": 2.0}, "AvgTransValue": {"max": 1141.0, "average": 502.112582781457, "median": 465.0, "stddev": 299.73998761059465, "min": 14.0}, "size": 151}, "2": {"TimeSinceLastTrans": {"max": 4940.14, "average": 839.5724861878452, "median": 369.09000000000003, "stddev": 1026.268236853544, "min": 0.36}, "TransTypePerMonth_TOTAL": {"max": 1.0, "average": 1.0, "median": 1.0, "stddev": 0.0, "min": 1.0}, "AvgTransValue": {"max": 2272.0, "average": 1686.2513812154696, "median": 1655.5, "stddev": 337.7071949406273, "min": 1113.0}, "size": 362}, "4": {"TimeSinceLastTrans": {"max": 15840.5, "average": 8100.899406779661, "median": 8628.785, "stddev": 2251.9980906336145, "min": 4247.05}, "TransTypePerMonth_TOTAL": {"max": 2.0, "average": 1.0338983050847457, "median": 1.0, "stddev": 0.18096742800053073, "min": 1.0}, "AvgTransValue": {"max": 2250.0, "average": 1072.7881355932204, "median": 1058.5, "stddev": 614.2341221459358, "min": 14.0}, "size": 118}, "population": {"TimeSinceLastTrans": 2156928.8420000034, "TransTypePerMonth_TOTAL": 1625.0, "AvgTransValue": 1338429.0, "size": 1323}}, "clusters": {"1": [3, 4, 6, 7, 8, 9, 10, 11, 15, 20, 21, 25, 27, 29, 31, 36, 37, 42, 44, 46, 47, 50, 53, 54, 55, 56, 60, 63, 64, 68, 69, 74, 75, 77, 86, 89, 98, 100, 101, 104, 111, 118, 121, 123, 125, 128, 131, 133, 134, 135, 137, 142, 143, 145, 146, 147, 149, 151, 153, 154, 155, 159, 161, 162, 164, 166, 167, 168, 169, 170, 174, 178, 181, 182, 189, 191, 193, 195, 199, 204, 205, 207, 210, 216, 219, 220, 221, 225, 226, 227, 229, 230, 231, 234, 243, 244, 247, 252, 255, 258, 259, 261, 262, 268, 269, 271, 274, 275, 278, 280, 282, 284, 287, 290, 294, 296, 297, 299, 308, 309, 311, 312, 313, 314, 316, 318, 319, 320, 321, 327, 328, 332, 333, 336, 340, 344, 345, 347, 349, 351, 352, 353, 355, 357, 360, 369, 374, 378, 382, 386, 387, 388, 389, 391, 392, 394, 395, 396, 397, 399, 400, 403, 404, 406, 408, 409, 410, 414, 415, 416, 417, 420, 424, 425, 428, 434, 435, 436, 437, 438, 445, 448, 449, 451, 452, 453, 454, 457, 458, 460, 465, 466, 468, 469, 470, 471, 475, 476, 479, 480, 481, 482, 485, 488, 489, 494, 495, 498, 499, 503, 504, 507, 508, 514, 515, 517, 519, 522, 526, 527, 529, 530, 533, 534, 535, 543, 545, 546, 550, 552, 555, 556, 557, 558, 561, 563, 565, 566, 567, 568, 575, 576, 577, 583, 584, 590, 591, 593, 594, 595, 598, 599, 601, 603, 604, 606, 608, 610, 611, 613, 614, 616, 617, 618, 621, 623, 624, 626, 627, 629, 630, 636, 638, 640, 641, 642, 653, 655, 663, 664, 671, 672, 677, 678, 679, 681, 686, 690, 691, 692, 695, 697, 698, 700, 703, 706, 707, 708, 716, 718, 720, 721, 723, 724, 726, 727, 728, 729, 732, 734, 735, 736, 743, 748, 749, 750, 754, 757, 758, 759, 763, 764, 767, 768, 771, 773, 776, 777, 779, 781, 785, 789, 790, 791, 796, 797, 798, 799, 803, 806, 808, 809, 818, 819, 820, 821, 822, 828, 833, 834, 836, 838, 841, 844, 849, 850, 857, 861, 864, 866, 870, 871, 874, 876, 877, 879, 883, 885, 889, 891, 894, 895, 896, 899, 902, 903, 904, 905, 907, 909, 910, 911, 913, 917, 920, 922, 923, 924, 925, 927, 930, 932, 935, 936, 937, 938, 939, 940, 941, 943, 944, 946, 947, 948, 955, 957, 958, 959, 961, 964, 967, 968, 969, 970, 971, 973, 974, 978, 980, 982, 983, 987, 990, 992, 993, 994, 996, 1000, 1001, 1003, 1004, 1005, 1006, 1012, 1013, 1015, 1019, 1021, 1022, 1023, 1025, 1029, 1030, 1033, 1034, 1035, 1036, 1038, 1040, 1047, 1048, 1053, 1054, 1059, 1060, 1062, 1066, 1068, 1069, 1074, 1075, 1077, 1079, 1081, 1082, 1085, 1091, 1093, 1095, 1098, 1099, 1104, 1105, 1106, 1108, 1113, 1114, 1115, 1117, 1120, 1124, 1127, 1131, 1134, 1135, 1138, 1140, 1142, 1147, 1150, 1157, 1162, 1163, 1167, 1169, 1170, 1171, 1173, 1174, 1175, 1177, 1183, 1184, 1186, 1187, 1188, 1193, 1194, 1197, 1203, 1205, 1206, 1210, 1214, 1216, 1219, 1223, 1230, 1231, 1232, 1233, 1235, 1237, 1238, 1239, 1241, 1242, 1243, 1245, 1249, 1250, 1256, 1259, 1261, 1263, 1264, 1268, 1269, 1270, 1271, 1277, 1282, 1288, 1289, 1291, 1292, 1299, 1301, 1304, 1306, 1308, 1310, 1311, 1315, 1317], "0": [2, 5, 28, 34, 40, 51, 58, 81, 82, 106, 108, 130, 148, 172, 173, 176, 179, 186, 192, 196, 198, 202, 203, 206, 215, 228, 232, 236, 242, 263, 272, 273, 289, 293, 300, 304, 310, 335, 337, 341, 354, 358, 361, 362, 363, 366, 375, 379, 407, 411, 413, 422, 423, 443, 462, 463, 467, 490, 493, 528, 560, 562, 564, 609, 615, 625, 637, 647, 652, 661, 667, 668, 682, 687, 696, 733, 737, 742, 744, 747, 751, 761, 766, 769, 780, 782, 795, 801, 853, 888, 912, 916, 950, 952, 954, 960, 975, 976, 988, 1031, 1037, 1039, 1049, 1052, 1089, 1100, 1112, 1116, 1132, 1133, 1136, 1151, 1154, 1168, 1176, 1181, 1196, 1199, 1201, 1202, 1209, 1218, 1222, 1226, 1228, 1229, 1251, 1253, 1255, 1257, 1260, 1265, 1267, 1287, 1296, 1305, 1314], "3": [14, 22, 26, 59, 62, 67, 85, 90, 97, 99, 115, 116, 132, 152, 158, 165, 180, 185, 188, 194, 197, 211, 233, 239, 240, 277, 283, 285, 291, 298, 307, 315, 324, 325, 329, 376, 380, 390, 398, 426, 431, 432, 439, 441, 442, 446, 478, 492, 496, 510, 513, 518, 521, 523, 538, 547, 548, 559, 574, 578, 582, 586, 587, 592, 596, 602, 620, 631, 635, 646, 648, 650, 656, 666, 675, 680, 688, 715, 719, 741, 760, 762, 772, 784, 786, 800, 826, 827, 830, 839, 845, 846, 847, 851, 863, 865, 867, 868, 881, 890, 893, 900, 906, 908, 915, 918, 921, 926, 951, 956, 962, 966, 981, 1016, 1017, 1027, 1044, 1045, 1055, 1061, 1065, 1067, 1073, 1086, 1087, 1088, 1102, 1107, 1110, 1126, 1130, 1143, 1165, 1166, 1172, 1192, 1198, 1200, 1215, 1244, 1275, 1279, 1283, 1284, 1286, 1295, 1300, 1312, 1316, 1322, 1323],