{"silhouette": 0.82991409743660383, "features": ["TransTypePerMonth_ViewCount", "TransTypePerMonth_LikeCount", "TransTypePerMonth_DislikeCount", "TransTypePerMonth_CommentCount"], "n_clusters": 8, "cluster_zscores": {"1": {"TransTypePerMonth_DislikeCount": -0.040048086573163326, "TransTypePerMonth_LikeCount": -0.11871257426457708, "TransTypePerMonth_CommentCount": 0.042270462894199452, "TransTypePerMonth_ViewCount": 0.029544172013866919, "size": -482}, "0": {"TransTypePerMonth_DislikeCount": -0.040048086573163326, "TransTypePerMonth_LikeCount": -0.11871257426457708, "TransTypePerMonth_CommentCount": 0.042270462894199452, "TransTypePerMonth_ViewCount": -0.18789458698665834, "size": 482}, "3": {"TransTypePerMonth_DislikeCount": -0.040048086573163326, "TransTypePerMonth_LikeCount": -0.11871257426457708, "TransTypePerMonth_CommentCount": 3.5619910065512066, "TransTypePerMonth_ViewCount": 0.005772946273136553, "size": -379}, "2": {"TransTypePerMonth_DislikeCount": -0.040048086573163326, "TransTypePerMonth_LikeCount": -0.11871257426457708, "TransTypePerMonth_CommentCount": 0.04227046289419945, "TransTypePerMonth_ViewCount": 0.5901407771407863, "size": -366}, "5": {"TransTypePerMonth_DislikeCount": 0.8531672728889973, "TransTypePerMonth_LikeCount": -0.11871257426457708, "TransTypePerMonth_CommentCount": 0.29367907315541425, "TransTypePerMonth_ViewCount": 2.8139968217404228, "size": -221}, "4": {"TransTypePerMonth_DislikeCount": -0.040048086573163326, "TransTypePerMonth_LikeCount": 6.1804249039509065, "TransTypePerMonth_CommentCount": 1.0774823874992017, "TransTypePerMonth_ViewCount": 5.734773299373621, "size": -232}, "7": {"TransTypePerMonth_DislikeCount": 1.2762692852658102, "TransTypePerMonth_LikeCount": -0.11871257426457708, "TransTypePerMonth_CommentCount": -6.070928376089024, "TransTypePerMonth_ViewCount": -0.04548432120541655, "size": -230}, "6": {"TransTypePerMonth_DislikeCount": -0.040048086573163326, "TransTypePerMonth_LikeCount": 2.823192291934962, "TransTypePerMonth_CommentCount": 0.04227046289419945, "TransTypePerMonth_ViewCount": 0.36448439194534676, "size": -235}}, "cluster_stats": {"1": {"TransTypePerMonth_DislikeCount": {"max": 0.0, "average": 0.0, "median": 0.0, "stddev": 0.0, "min": 0.0}, "TransTypePerMonth_LikeCount": {"max": 0.0, "average": 0.0, "median": 0.0, "stddev": 0.0, "min": 0.0}, "TransTypePerMonth_CommentCount": {"max": 0.0, "average": 0.0, "median": 0.0, "stddev": 0.0, "min": 0.0}, "TransTypePerMonth_ViewCount": {"max": 26.0, "average": 15.453488372093023, "median": 14.5, "stddev": 5.0478108926547876, "min": 9.0}, "size": 86}, "0": {"TransTypePerMonth_DislikeCount": {"max": 0.0, "average": 0.0, "median": 0.0, "stddev": 0.0, "min": 0.0}, "TransTypePerMonth_LikeCount": {"max": 0.0, "average": 0.0, "median": 0.0, "stddev": 0.0, "min": 0.0}, "TransTypePerMonth_CommentCount": {"max": 0.0, "average": 0.0, "median": 0.0, "stddev": 0.0, "min": 0.0}, "TransTypePerMonth_ViewCount": {"max": 8.0, "average": 1.3266666666666667, "median": 0.0, "stddev": 1.9086153877648195, "min": 0.0}, "size": 1050}, "3": {"TransTypePerMonth_DislikeCount": {"max": 0.0, "average": 0.0, "median": 0.0, "stddev": 0.0, "min": 0.0}, "TransTypePerMonth_LikeCount": {"max": 0.0, "average": 0.0, "median": 0.0, "stddev": 0.0, "min": 0.0}, "TransTypePerMonth_CommentCount": {"max": 1.0, "average": 1.0, "median": 1.0, "stddev": 0.0, "min": 1.0}, "TransTypePerMonth_ViewCount": {"max": 50.0, "average": 13.909090909090908, "median": 8.0, "stddev": 14.323880539819099, "min": 1.0}, "size": 11}, "2": {"TransTypePerMonth_DislikeCount": {"max": 0.0, "average": 0.0, "median": 0.0, "stddev": 0.0, "min": 0.0}, "TransTypePerMonth_LikeCount": {"max": 0.0, "average": 0.0, "median": 0.0, "stddev": 0.0, "min": 0.0}, "TransTypePerMonth_CommentCount": {"max": 0.0, "average": 0.0, "median": 0.0, "stddev": 0.0, "min": 0.0}, "TransTypePerMonth_ViewCount": {"max": 74.0, "average": 51.875, "median": 51.5, "stddev": 11.598536186375703, "min": 32.0}, "size": 24}, "5": {"TransTypePerMonth_DislikeCount": {"max": 1.0, "average": 0.03571428571428571, "median": 0.0, "stddev": 0.18557687223952268, "min": 0.0}, "TransTypePerMonth_LikeCount": {"max": 0.0, "average": 0.0, "median": 0.0, "stddev": 0.0, "min": 0.0}, "TransTypePerMonth_CommentCount": {"max": 2.0, "average": 0.07142857142857142, "median": 0.0, "stddev": 0.4573660169594891, "min": -1.0}, "TransTypePerMonth_ViewCount": {"max": 637.0, "average": 196.35714285714286, "median": 156.5, "stddev": 131.1373909536195, "min": 82.0}, "size": 28}, "4": {"TransTypePerMonth_DislikeCount": {"max": 0.0, "average": 0.0, "median": 0.0, "stddev": 0.0, "min": 0.0}, "TransTypePerMonth_LikeCount": {"max": 8.0, "average": 2.2941176470588234, "median": 2.0, "stddev": 1.902466073976027, "min": 1.0}, "TransTypePerMonth_CommentCount": {"max": 2.0, "average": 0.29411764705882354, "median": 0.0, "stddev": 0.5703152773430975, "min": 0.0}, "TransTypePerMonth_ViewCount": {"max": 1218.0, "average": 386.11764705882354, "median": 299.0, "stddev": 272.4051658733066, "min": 132.0}, "size": 17}, "7": {"TransTypePerMonth_DislikeCount": {"max": 1.0, "average": 0.05263157894736842, "median": 0.0, "stddev": 0.22329687826943603, "min": 0.0}, "TransTypePerMonth_LikeCount": {"max": 0.0, "average": 0.0, "median": 0.0, "stddev": 0.0, "min": 0.0}, "TransTypePerMonth_CommentCount": {"max": -1.0, "average": -1.736842105263158, "median": -1.0, "stddev": 1.0178462950428273, "min": -4.0}, "TransTypePerMonth_ViewCount": {"max": 56.0, "average": 10.578947368421053, "median": 5.0, "stddev": 13.811954354923603, "min": 1.0}, "size": 19}, "6": {"TransTypePerMonth_DislikeCount": {"max": 0.0, "average": 0.0, "median": 0.0, "stddev": 0.0, "min": 0.0}, "TransTypePerMonth_LikeCount": {"max": 2.0, "average": 1.0714285714285714, "median": 1.0, "stddev": 0.2575393768188563, "min": 1.0}, "TransTypePerMonth_CommentCount": {"max": 0.0, "average": 0.0, "median": 0.0, "stddev": 0.0, "min": 0.0}, "TransTypePerMonth_ViewCount": {"max": 116.0, "average": 37.214285714285715, "median": 29.5, "stddev": 35.8791196169833, "min": 2.0}, "size": 14}, "population": {"TransTypePerMonth_DislikeCount": 2.0, "TransTypePerMonth_LikeCount": 54.0, "TransTypePerMonth_CommentCount": -15.0, "TransTypePerMonth_ViewCount": 16904.0, "size": 1249}}, "clusters": {"1": [11, 46, 56, 70, 73, 102, 115, 161, 174, 178, 189, 193, 194, 208, 215, 238, 263, 278, 286, 302, 314, 318, 319, 336, 341, 349, 355, 372, 390, 413, 414, 417, 432, 436, 439, 447, 471, 473, 478, 513, 528, 531, 558, 590, 604, 670, 673, 696, 702, 703, 715, 736, 740, 754, 760, 762, 781, 815, 843, 861, 909, 933, 960, 968, 974, 1032, 1039, 1041, 1049, 1058, 1061, 1070, 1076, 1087, 1141, 1150, 1175, 1181, 1188, 1209, 1211, 1217, 1225, 1235, 1238, 1240],