{"silhouette": 0.53088802804066704, "features": ["AvgTransValue", "TimeSinceLastTrans", "TransTypePerMonth_TOTAL"], "n_clusters": 4, "cluster_zscores": {"1": {"TimeSinceLastTrans": -0.23814065405917034, "TransTypePerMonth_TOTAL": -0.20197974647812747, "AvgTransValue": -0.479283544778143, "size": 26}, "0": {"TimeSinceLastTrans": -0.20771615820190473, "TransTypePerMonth_TOTAL": -0.41712528360240908, "AvgTransValue": 1.467712246797285, "size": 2}, "3": {"TimeSinceLastTrans": -0.072625377833429539, "TransTypePerMonth_TOTAL": 2.1854247305183372, "AvgTransValue": -0.90121279276280353, "size": -12}, "2": {"TimeSinceLastTrans": 3.3247421559851338, "TransTypePerMonth_TOTAL": -0.11637859346752563, "AvgTransValue": -0.62402798737989706, "size": -16}}, "cluster_stats": {"1": {"TimeSinceLastTrans": {"max": 7921.0, "average": 2305.1782978723395, "median": 1577.5, "stddev": 1791.0606911244131, "min": 574.66700000000003}, "TransTypePerMonth_TOTAL": {"max": 27.0, "average": 7.6595744680851068, "median": 6.0, "stddev": 6.3757405769078286, "min": 1.0}, "AvgTransValue": {"max": 1618.0, "average": 1545.1702127659576, "median": 1541.0, "stddev": 34.915898438741593, "min": 1503.0}, "size": 47}, "0": {"TimeSinceLastTrans": {"max": 9800.0, "average": 2453.6521739130435, "median": 1480.0, "stddev": 2651.9601400058891, "min": 550.0}, "TransTypePerMonth_TOTAL": {"max": 8.0, "average": 2.7826086956521738, "median": 2.0, "stddev": 2.3948590180731153, "min": 1.0}, "AvgTransValue": {"max": 1799.0, "average": 1711.5652173913043, "median": 1714.0, "stddev": 41.437040861860829, "min": 1646.0}, "size": 23}, "3": {"TimeSinceLastTrans": {"max": 8502.5900000000001, "average": 3112.9055555555556, "median": 1940.54, "stddev": 2343.9537025960176, "min": 1030.74}, "TransTypePerMonth_TOTAL": {"max": 173.0, "average": 61.777777777777779, "median": 51.0, "stddev": 41.965005997796091, "min": 30.0}, "AvgTransValue": {"max": 1547.0, "average": 1509.1111111111111, "median": 1504.0, "stddev": 14.540704892316331, "min": 1497.0}, "size": 9}, "2": {"TimeSinceLastTrans": {"max": 31135.299999999999, "average": 19692.32, "median": 16943.799999999999, "stddev": 6841.1132910952438, "min": 13108.6}, "TransTypePerMonth_TOTAL": {"max": 14.0, "average": 9.5999999999999996, "median": 13.0, "stddev": 4.6303347611160897, "min": 3.0}, "AvgTransValue": {"max": 1597.0, "average": 1532.8, "median": 1510.0, "stddev": 36.018883936068868, "min": 1502.0}, "size": 5}, "population": {"TimeSinceLastTrans": 291255.13, "TransTypePerMonth_TOTAL": 1028.0, "AvgTransValue": 133235.0, "size": 84}}, "clusters": {"1": [1, 3, 10, 13, 15, 23, 25, 26, 27, 31, 34, 35, 37, 40, 41, 44, 45, 50, 52, 53, 54, 57, 58, 59, 64, 65, 67, 69, 70, 73, 76, 77, 78, 79, 80, 81, 83, 84, 89, 90, 95, 99, 102, 103, 104, 108, 111], "0": [2, 4, 6, 9, 14, 16, 19, 21, 24, 28, 33, 39, 46, 51, 56, 66, 68, 85, 88, 92, 93, 109, 112], "3": [11, 36, 43, 48, 60, 62, 87, 96, 115], "2": [22, 30, 55, 97, 100]}}