{"silhouette": 0.7900431541759396, "features": ["AvgTransValue", "TimeSinceLastTrans", "TransTypePerMonth_TOTAL"], "n_clusters": 4, "cluster_zscores": {"1": {"TimeSinceLastTrans": 1.8949468159892895, "TransTypePerMonth_TOTAL": 1.5700533522531375, "AvgTransValue": -0.6546536707079771, "size": 0}, "0": {"TimeSinceLastTrans": -0.4214814714710219, "TransTypePerMonth_TOTAL": -0.6442123414117787, "AvgTransValue": 1.5275252316519463, "size": 0}, "3": {"TimeSinceLastTrans": 0.4177738979952183, "TransTypePerMonth_TOTAL": 1.1825562331003292, "AvgTransValue": 1.5275252316519463, "size": -1}, "2": {"TimeSinceLastTrans": -0.672940917406351, "TransTypePerMonth_TOTAL": -0.6068476509566085, "AvgTransValue": -0.6546536707079771, "size": 3}}, "cluster_stats": {"1": {"TimeSinceLastTrans": {"max": 3079.61, "average": 3079.61, "median": 3079.61, "stddev": 0.0, "min": 3079.61}, "TransTypePerMonth_TOTAL": {"max": 6.68056, "average": 6.68056, "median": 6.68056, "stddev": 0.0, "min": 6.68056}, "AvgTransValue": {"max": 0.0, "average": 0.0, "median": 0.0, "stddev": 0.0, "min": 0.0}, "size": 2}, "0": {"TimeSinceLastTrans": {"max": 852.759, "average": 852.759, "median": 852.759, "stddev": 0.0, "min": 852.759}, "TransTypePerMonth_TOTAL": {"max": 2.23611, "average": 2.23611, "median": 2.23611, "stddev": 0.0, "min": 2.23611}, "AvgTransValue": {"max": 1.0, "average": 1.0, "median": 1.0, "stddev": 0.0, "min": 1.0}, "size": 2}, "3": {"TimeSinceLastTrans": {"max": 1659.56, "average": 1659.56, "median": 1659.56, "stddev": 0.0, "min": 1659.56}, "TransTypePerMonth_TOTAL": {"max": 5.90278, "average": 5.90278, "median": 5.90278, "stddev": 0.0, "min": 5.90278}, "AvgTransValue": {"max": 1.0, "average": 1.0, "median": 1.0, "stddev": 0.0, "min": 1.0}, "size": 1}, "2": {"TimeSinceLastTrans": {"max": 692.596, "average": 611.0236, "median": 569.704, "stddev": 66.98673287330858, "min": 550.111}, "TransTypePerMonth_TOTAL": {"max": 3.94444, "average": 2.311108, "median": 2.31944, "stddev": 0.8976809752556864, "min": 1.48611}, "AvgTransValue": {"max": 0.0, "average": 0.0, "median": 0.0, "stddev": 0.0, "min": 0.0}, "size": 5}, "population": {"TimeSinceLastTrans": 12579.416000000001, "TransTypePerMonth_TOTAL": 35.29165999999999, "AvgTransValue": 3.0, "size": 10}}, "clusters": {"1": [1, 7], "0": [4, 10], "3": [5], "2": [2, 3, 6, 8, 9]}}