{"silhouette": 0.38742055460625768, "features": ["AvgTransValue", "TimeSinceLastTrans", "TransTypePerMonth_TOTAL"], "n_clusters": 7, "cluster_zscores": {"1": {"TimeSinceLastTrans": -0.39819757455437915, "TransTypePerMonth_TOTAL": -0.39975021221856605, "AvgTransValue": 1.5753558952171844, "size": 5}, "0": {"TimeSinceLastTrans": -0.22832283679886031, "TransTypePerMonth_TOTAL": -0.18696200033591662, "AvgTransValue": -0.6918940607428784, "size": 17}, "3": {"TimeSinceLastTrans": 0.023326482090055462, "TransTypePerMonth_TOTAL": 3.1304581224784607, "AvgTransValue": -0.99144086731052128, "size": -7}, "2": {"TimeSinceLastTrans": 3.3247421559851338, "TransTypePerMonth_TOTAL": -0.11637859346752563, "AvgTransValue": -0.62402798737989706, "size": -7}, "5": {"TimeSinceLastTrans": 1.1201006173663892, "TransTypePerMonth_TOTAL": -0.4369448996614681, "AvgTransValue": 1.5586073375583003, "size": -9}, "4": {"TimeSinceLastTrans": -0.31977679792818503, "TransTypePerMonth_TOTAL": -0.43088995054285617, "AvgTransValue": 0.18361958345299215, "size": 5}, "6": {"TimeSinceLastTrans": -0.15921480538807192, "TransTypePerMonth_TOTAL": 0.72290222882693622, "AvgTransValue": -0.80451663938403362, "size": -4}}, "cluster_stats": {"1": {"TimeSinceLastTrans": {"max": 3454.0, "average": 1524.0882352941176, "median": 1374.0, "stddev": 908.6506102748009, "min": 550.0}, "TransTypePerMonth_TOTAL": {"max": 8.0, "average": 3.1764705882352939, "median": 2.0, "stddev": 2.5949111764838566, "min": 1.0}, "AvgTransValue": {"max": 1799.0, "average": 1720.7647058823529, "median": 1714.0, "stddev": 32.076249985757201, "min": 1673.0}, "size": 17}, "0": {"TimeSinceLastTrans": {"max": 7921.0, "average": 2353.0900000000001, "median": 1518.5, "stddev": 2021.0449355940127, "min": 574.66700000000003}, "TransTypePerMonth_TOTAL": {"max": 17.0, "average": 8.0, "median": 8.0, "stddev": 4.6756891433795342, "min": 1.0}, "AvgTransValue": {"max": 1558.0, "average": 1527.0, "median": 1519.0, "stddev": 20.166547924035331, "min": 1503.0}, "size": 29}, "3": {"TimeSinceLastTrans": {"max": 8502.5900000000001, "average": 3581.1580000000004, "median": 1940.54, "stddev": 2686.6621029701523, "min": 1405.0}, "TransTypePerMonth_TOTAL": {"max": 173.0, "average": 83.200000000000003, "median": 57.0, "stddev": 46.140654525049818, "min": 51.0}, "AvgTransValue": {"max": 1510.0, "average": 1501.4000000000001, "median": 1499.0, "stddev": 5.0039984012787215, "min": 1497.0}, "size": 5}, "2": {"TimeSinceLastTrans": {"max": 31135.299999999999, "average": 19692.32, "median": 16943.799999999999, "stddev": 6841.1132910952438, "min": 13108.6}, "TransTypePerMonth_TOTAL": {"max": 14.0, "average": 9.5999999999999996, "median": 13.0, "stddev": 4.6303347611160897, "min": 3.0}, "AvgTransValue": {"max": 1597.0, "average": 1532.8, "median": 1510.0, "stddev": 36.018883936068868, "min": 1502.0}, "size": 5}, "5": {"TimeSinceLastTrans": {"max": 9800.0, "average": 8933.5, "median": 8899.0, "stddev": 693.83871805100841, "min": 8101.5}, "TransTypePerMonth_TOTAL": {"max": 4.0, "average": 2.3333333333333335, "median": 2.0, "stddev": 1.247219128924647, "min": 1.0}, "AvgTransValue": {"max": 1791.0, "average": 1719.3333333333333, "median": 1714.0, "stddev": 56.464344698422046, "min": 1653.0}, "size": 3}, "4": {"TimeSinceLastTrans": {"max": 4700.0, "average": 1906.7876470588235, "median": 1238.6700000000001, "stddev": 1263.0708485672315, "min": 587.5}, "TransTypePerMonth_TOTAL": {"max": 8.0, "average": 2.4705882352941178, "median": 2.0, "stddev": 1.913347760857717, "min": 1.0}, "AvgTransValue": {"max": 1656.0, "average": 1601.8235294117646, "median": 1594.0, "stddev": 25.912148625051959, "min": 1573.0}, "size": 17}, "6": {"TimeSinceLastTrans": {"max": 5213.8299999999999, "average": 2690.3425000000002, "median": 2445.98, "stddev": 1455.1575625318897, "min": 1030.74}, "TransTypePerMonth_TOTAL": {"max": 39.0, "average": 28.625, "median": 28.5, "stddev": 7.0876212511674179, "min": 19.0}, "AvgTransValue": {"max": 1547.0, "average": 1517.375, "median": 1512.0, "stddev": 14.789671226906973, "min": 1504.0}, "size": 8}, "population": {"TimeSinceLastTrans": 291255.13, "TransTypePerMonth_TOTAL": 1028.0, "AvgTransValue": 133235.0, "size": 84}}, "clusters": {"1": [2, 4, 9, 14, 19, 21, 24, 28, 33, 39, 46, 66, 68, 85, 88, 93, 112], "0": [1, 10, 13, 23, 27, 31, 34, 37, 40, 41, 44, 52, 53, 54, 58, 59, 64, 69, 73, 78, 79, 80, 81, 83, 84, 89, 90, 103, 104], "3": [11, 43, 48, 60, 96], "2": [22, 30, 55, 97, 100], "5": [16, 51, 92], "4": [3, 6, 25, 26, 35, 45, 50, 56, 57, 65, 67, 70, 76, 77, 102, 109, 111], "6": [15, 36, 62, 87, 95, 99, 108, 115]}}