{"silhouette": 0.91150485322668995, "features": ["TransTypePerMonth_ViewCount", "TransTypePerMonth_LikeCount", "TransTypePerMonth_DislikeCount", "TransTypePerMonth_CommentCount"], "n_clusters": 8, "cluster_zscores": {"1": {"TransTypePerMonth_DislikeCount": -0.040048086573163326, "TransTypePerMonth_LikeCount": 6.1804249039509065, "TransTypePerMonth_CommentCount": 1.0774823874992017, "TransTypePerMonth_ViewCount": 5.7347732993736207, "size": -139}, "0": {"TransTypePerMonth_DislikeCount": -0.040048086573163326, "TransTypePerMonth_LikeCount": -0.11871257426457708, "TransTypePerMonth_CommentCount": 0.042270462894199452, "TransTypePerMonth_ViewCount": -0.17060569469791834, "size": 982}, "3": {"TransTypePerMonth_DislikeCount": -0.040048086573163326, "TransTypePerMonth_LikeCount": 2.8231922919349621, "TransTypePerMonth_CommentCount": 0.042270462894199452, "TransTypePerMonth_ViewCount": 0.36448439194534676, "size": -142}, "2": {"TransTypePerMonth_DislikeCount": -0.040048086573163326, "TransTypePerMonth_LikeCount": -0.11871257426457708, "TransTypePerMonth_CommentCount": 0.042270462894199452, "TransTypePerMonth_ViewCount": 0.80418451644766642, "size": -124}, "5": {"TransTypePerMonth_DislikeCount": -0.040048086573163326, "TransTypePerMonth_LikeCount": -0.11871257426457708, "TransTypePerMonth_CommentCount": 3.5619910065512066, "TransTypePerMonth_ViewCount": 0.0057729462731365526, "size": -145}, "4": {"TransTypePerMonth_DislikeCount": -0.040048086573163326, "TransTypePerMonth_LikeCount": -0.11871257426457708, "TransTypePerMonth_CommentCount": -5.8239304432008137, "TransTypePerMonth_ViewCount": -0.063801593435739212, "size": -138}, "7": {"TransTypePerMonth_DislikeCount": 24.969981978367336, "TransTypePerMonth_LikeCount": -0.11871257426457708, "TransTypePerMonth_CommentCount": -5.2373103525913116, "TransTypePerMonth_ViewCount": 1.3693561876512261, "size": -154}, "6": {"TransTypePerMonth_DislikeCount": -0.040048086573163326, "TransTypePerMonth_LikeCount": -0.11871257426457708, "TransTypePerMonth_CommentCount": 0.45635523273620032, "TransTypePerMonth_ViewCount": 3.7745683741679823, "size": -139}}, "cluster_stats": {"1": {"TransTypePerMonth_DislikeCount": {"max": 0.0, "average": 0.0, "median": 0.0, "stddev": 0.0, "min": 0.0}, "TransTypePerMonth_LikeCount": {"max": 8.0, "average": 2.2941176470588234, "median": 2.0, "stddev": 1.9024660739760271, "min": 1.0}, "TransTypePerMonth_CommentCount": {"max": 2.0, "average": 0.29411764705882354, "median": 0.0, "stddev": 0.5703152773430975, "min": 0.0}, "TransTypePerMonth_ViewCount": {"max": 1218.0, "average": 386.11764705882354, "median": 299.0, "stddev": 272.4051658733066, "min": 132.0}, "size": 17}, "0": {"TransTypePerMonth_DislikeCount": {"max": 0.0, "average": 0.0, "median": 0.0, "stddev": 0.0, "min": 0.0}, "TransTypePerMonth_LikeCount": {"max": 0.0, "average": 0.0, "median": 0.0, "stddev": 0.0, "min": 0.0}, "TransTypePerMonth_CommentCount": {"max": 0.0, "average": 0.0, "median": 0.0, "stddev": 0.0, "min": 0.0}, "TransTypePerMonth_ViewCount": {"max": 34.0, "average": 2.4499121265377855, "median": 1.0, "stddev": 4.5685219477041263, "min": 0.0}, "size": 1138}, "3": {"TransTypePerMonth_DislikeCount": {"max": 0.0, "average": 0.0, "median": 0.0, "stddev": 0.0, "min": 0.0}, "TransTypePerMonth_LikeCount": {"max": 2.0, "average": 1.0714285714285714, "median": 1.0, "stddev": 0.2575393768188563, "min": 1.0}, "TransTypePerMonth_CommentCount": {"max": 0.0, "average": 0.0, "median": 0.0, "stddev": 0.0, "min": 0.0}, "TransTypePerMonth_ViewCount": {"max": 116.0, "average": 37.214285714285715, "median": 29.5, "stddev": 35.879119616983303, "min": 2.0}, "size": 14}, "2": {"TransTypePerMonth_DislikeCount": {"max": 0.0, "average": 0.0, "median": 0.0, "stddev": 0.0, "min": 0.0}, "TransTypePerMonth_LikeCount": {"max": 0.0, "average": 0.0, "median": 0.0, "stddev": 0.0, "min": 0.0}, "TransTypePerMonth_CommentCount": {"max": 0.0, "average": 0.0, "median": 0.0, "stddev": 0.0, "min": 0.0}, "TransTypePerMonth_ViewCount": {"max": 109.0, "average": 65.78125, "median": 58.0, "stddev": 20.745081307083375, "min": 38.0}, "size": 32}, "5": {"TransTypePerMonth_DislikeCount": {"max": 0.0, "average": 0.0, "median": 0.0, "stddev": 0.0, "min": 0.0}, "TransTypePerMonth_LikeCount": {"max": 0.0, "average": 0.0, "median": 0.0, "stddev": 0.0, "min": 0.0}, "TransTypePerMonth_CommentCount": {"max": 1.0, "average": 1.0, "median": 1.0, "stddev": 0.0, "min": 1.0}, "TransTypePerMonth_ViewCount": {"max": 50.0, "average": 13.909090909090908, "median": 8.0, "stddev": 14.323880539819099, "min": 1.0}, "size": 11}, "4": {"TransTypePerMonth_DislikeCount": {"max": 0.0, "average": 0.0, "median": 0.0, "stddev": 0.0, "min": 0.0}, "TransTypePerMonth_LikeCount": {"max": 0.0, "average": 0.0, "median": 0.0, "stddev": 0.0, "min": 0.0}, "TransTypePerMonth_CommentCount": {"max": -1.0, "average": -1.6666666666666667, "median": -1.0, "stddev": 0.99999999999999967, "min": -4.0}, "TransTypePerMonth_ViewCount": {"max": 56.0, "average": 9.3888888888888893, "median": 5.0, "stddev": 13.20832603107638, "min": 1.0}, "size": 18}, "7": {"TransTypePerMonth_DislikeCount": {"max": 1.0, "average": 1.0, "median": 1.0, "stddev": 0.0, "min": 1.0}, "TransTypePerMonth_LikeCount": {"max": 0.0, "average": 0.0, "median": 0.0, "stddev": 0.0, "min": 0.0}, "TransTypePerMonth_CommentCount": {"max": 0.0, "average": -1.5, "median": -1.5, "stddev": 1.5, "min": -3.0}, "TransTypePerMonth_ViewCount": {"max": 173.0, "average": 102.5, "median": 102.5, "stddev": 70.5, "min": 32.0}, "size": 2}, "6": {"TransTypePerMonth_DislikeCount": {"max": 0.0, "average": 0.0, "median": 0.0, "stddev": 0.0, "min": 0.0}, "TransTypePerMonth_LikeCount": {"max": 0.0, "average": 0.0, "median": 0.0, "stddev": 0.0, "min": 0.0}, "TransTypePerMonth_CommentCount": {"max": 2.0, "average": 0.11764705882352941, "median": 0.0, "stddev": 0.58232323156539223, "min": -1.0}, "TransTypePerMonth_ViewCount": {"max": 637.0, "average": 258.76470588235293, "median": 197.0, "stddev": 134.2177902698204, "min": 132.0}, "size": 17}, "population": {"TransTypePerMonth_DislikeCount": 2.0, "TransTypePerMonth_LikeCount": 54.0, "TransTypePerMonth_CommentCount": -15.0, "TransTypePerMonth_ViewCount": 16904.0, "size": 1249}}, "clusters": {"1": [7, 205, 227, 393, 525, 588, 607, 630, 671, 701, 706, 967, 976, 990, 1152, 1172, 1222],