{"silhouette": 0.58293017008908687, "features": ["AvgTransValue", "TimeSinceLastTrans", "TransTypePerMonth_TOTAL"], "n_clusters": 5, "cluster_zscores": {"1": {"TimeSinceLastTrans": 1.1201006173663892, "TransTypePerMonth_TOTAL": -0.4369448996614681, "AvgTransValue": 1.5586073375583003, "size": -8}, "0": {"TimeSinceLastTrans": -0.40688867453714883, "TransTypePerMonth_TOTAL": -0.41415234119355021, "AvgTransValue": 1.454077983183135, "size": 9}, "3": {"TimeSinceLastTrans": 3.324742155985134, "TransTypePerMonth_TOTAL": -0.11637859346752563, "AvgTransValue": -0.6240279873798971, "size": -16}, "2": {"TimeSinceLastTrans": -0.23814065405917034, "TransTypePerMonth_TOTAL": -0.20197974647812747, "AvgTransValue": -0.479283544778143, "size": 26}, "4": {"TimeSinceLastTrans": -0.07262537783342954, "TransTypePerMonth_TOTAL": 2.185424730518337, "AvgTransValue": -0.9012127927628035, "size": -12}}, "cluster_stats": {"1": {"TimeSinceLastTrans": {"max": 9800.0, "average": 8933.5, "median": 8899.0, "stddev": 693.83871805100841, "min": 8101.5}, "TransTypePerMonth_TOTAL": {"max": 4.0, "average": 2.3333333333333335, "median": 2.0, "stddev": 1.247219128924647, "min": 1.0}, "AvgTransValue": {"max": 1791.0, "average": 1719.3333333333333, "median": 1714.0, "stddev": 56.464344698422046, "min": 1653.0}, "size": 3}, "0": {"TimeSinceLastTrans": {"max": 3454.0, "average": 1481.675, "median": 1236.625, "stddev": 878.98284557350712, "min": 550.0}, "TransTypePerMonth_TOTAL": {"max": 8.0, "average": 2.8500000000000001, "median": 2.0, "stddev": 2.5154522456210535, "min": 1.0}, "AvgTransValue": {"max": 1799.0, "average": 1710.4000000000001, "median": 1711.0, "stddev": 38.547892289981306, "min": 1646.0}, "size": 20}, "3": {"TimeSinceLastTrans": {"max": 31135.3, "average": 19692.32, "median": 16943.8, "stddev": 6841.113291095244, "min": 13108.6}, "TransTypePerMonth_TOTAL": {"max": 14.0, "average": 9.6, "median": 13.0, "stddev": 4.63033476111609, "min": 3.0}, "AvgTransValue": {"max": 1597.0, "average": 1532.8, "median": 1510.0, "stddev": 36.01888393606887, "min": 1502.0}, "size": 5}, "2": {"TimeSinceLastTrans": {"max": 7921.0, "average": 2305.1782978723395, "median": 1577.5, "stddev": 1791.060691124413, "min": 574.667}, "TransTypePerMonth_TOTAL": {"max": 27.0, "average": 7.659574468085107, "median": 6.0, "stddev": 6.375740576907829, "min": 1.0}, "AvgTransValue": {"max": 1618.0, "average": 1545.1702127659576, "median": 1541.0, "stddev": 34.91589843874159, "min": 1503.0}, "size": 47}, "4": {"TimeSinceLastTrans": {"max": 8502.59, "average": 3112.9055555555556, "median": 1940.54, "stddev": 2343.9537025960176, "min": 1030.74}, "TransTypePerMonth_TOTAL": {"max": 173.0, "average": 61.77777777777778, "median": 51.0, "stddev": 41.96500599779609, "min": 30.0}, "AvgTransValue": {"max": 1547.0, "average": 1509.111111111111, "median": 1504.0, "stddev": 14.540704892316331, "min": 1497.0}, "size": 9}, "population": {"TimeSinceLastTrans": 291255.13, "TransTypePerMonth_TOTAL": 1028.0, "AvgTransValue": 133235.0, "size": 84}}, "clusters": {"1": [16, 51, 92], "0": [2, 4, 6, 9, 14, 19, 21, 24, 28, 33, 39, 46, 56, 66, 68, 85, 88, 93, 109, 112], "3": [22, 30, 55, 97, 100], "2": [1, 3, 10, 13, 15, 23, 25, 26, 27, 31, 34, 35, 37, 40, 41, 44, 45, 50, 52, 53, 54, 57, 58, 59, 64, 65, 67, 69, 70, 73, 76, 77, 78, 79, 80, 81, 83, 84, 89, 90, 95, 99, 102, 103, 104, 108, 111], "4": [11, 36, 43, 48, 60, 62, 87, 96, 115]}}