{"silhouette": 0.88757483029480844, "features": ["TransTypePerMonth_ViewCount", "TransTypePerMonth_LikeCount", "TransTypePerMonth_DislikeCount", "TransTypePerMonth_CommentCount"], "n_clusters": 17, "cluster_zscores": {"11": {"TransTypePerMonth_DislikeCount": -0.040048086573163326, "TransTypePerMonth_LikeCount": 2.823192291934962, "TransTypePerMonth_CommentCount": 0.04227046289419945, "TransTypePerMonth_ViewCount": 0.36448439194534676, "size": -235}, "10": {"TransTypePerMonth_DislikeCount": 0.8531672728889973, "TransTypePerMonth_LikeCount": -0.11871257426457708, "TransTypePerMonth_CommentCount": 0.29367907315541425, "TransTypePerMonth_ViewCount": 2.8139968217404228, "size": -221}, "13": {"TransTypePerMonth_DislikeCount": 24.969981978367336, "TransTypePerMonth_LikeCount": -0.11871257426457708, "TransTypePerMonth_CommentCount": -10.516891168076823, "TransTypePerMonth_ViewCount": 0.2842265789403914, "size": -2}, "12": {"TransTypePerMonth_DislikeCount": -0.040048086573163326, "TransTypePerMonth_LikeCount": -0.11871257426457708, "TransTypePerMonth_CommentCount": -6.55720555646269, "TransTypePerMonth_ViewCount": -0.17753070136209148, "size": 5}, "15": {"TransTypePerMonth_DislikeCount": -0.040048086573163326, "TransTypePerMonth_LikeCount": -0.11871257426457708, "TransTypePerMonth_CommentCount": -10.516891168076823, "TransTypePerMonth_ViewCount": 0.15339534952135458, "size": -1}, "14": {"TransTypePerMonth_DislikeCount": -0.040048086573163326, "TransTypePerMonth_LikeCount": -0.11871257426457708, "TransTypePerMonth_CommentCount": -3.477450080762808, "TransTypePerMonth_ViewCount": 0.6536324031823777, "size": -2}, "16": {"TransTypePerMonth_DislikeCount": -0.040048086573163326, "TransTypePerMonth_LikeCount": -0.11871257426457708, "TransTypePerMonth_CommentCount": -3.9802673012852376, "TransTypePerMonth_ViewCount": -0.09837231045309441, "size": 4}, "1": {"TransTypePerMonth_DislikeCount": -0.040048086573163326, "TransTypePerMonth_LikeCount": -0.11871257426457708, "TransTypePerMonth_CommentCount": 0.042270462894199452, "TransTypePerMonth_ViewCount": -0.14070701951518461, "size": -131}, "0": {"TransTypePerMonth_DislikeCount": -0.040048086573163326, "TransTypePerMonth_LikeCount": -0.11871257426457708, "TransTypePerMonth_CommentCount": 0.042270462894199452, "TransTypePerMonth_ViewCount": -0.20831452004892367, "size": 316}, "3": {"TransTypePerMonth_DislikeCount": -0.040048086573163326, "TransTypePerMonth_LikeCount": -0.11871257426457708, "TransTypePerMonth_CommentCount": 0.042270462894199452, "TransTypePerMonth_ViewCount": -0.10429500367970845, "size": -148}, "2": {"TransTypePerMonth_DislikeCount": -0.040048086573163326, "TransTypePerMonth_LikeCount": -0.11871257426457708, "TransTypePerMonth_CommentCount": 0.042270462894199452, "TransTypePerMonth_ViewCount": -0.17083069376554566, "size": -40}, "5": {"TransTypePerMonth_DislikeCount": -0.040048086573163326, "TransTypePerMonth_LikeCount": -0.11871257426457708, "TransTypePerMonth_CommentCount": 0.04227046289419945, "TransTypePerMonth_ViewCount": 0.02954417201386692, "size": -482}, "4": {"TransTypePerMonth_DislikeCount": -0.040048086573163326, "TransTypePerMonth_LikeCount": -0.11871257426457708, "TransTypePerMonth_CommentCount": 0.042270462894199452, "TransTypePerMonth_ViewCount": -0.19292261070550759, "size": 3}, "7": {"TransTypePerMonth_DislikeCount": -0.040048086573163326, "TransTypePerMonth_LikeCount": -0.11871257426457708, "TransTypePerMonth_CommentCount": 3.5619910065512066, "TransTypePerMonth_ViewCount": 0.4150578083594282, "size": -3}, "6": {"TransTypePerMonth_DislikeCount": -0.040048086573163326, "TransTypePerMonth_LikeCount": -0.11871257426457708, "TransTypePerMonth_CommentCount": 0.04227046289419945, "TransTypePerMonth_ViewCount": 0.5901407771407863, "size": -366}, "9": {"TransTypePerMonth_DislikeCount": -0.040048086573163326, "TransTypePerMonth_LikeCount": 6.1804249039509065, "TransTypePerMonth_CommentCount": 1.0774823874992017, "TransTypePerMonth_ViewCount": 5.734773299373621, "size": -232}, "8": {"TransTypePerMonth_DislikeCount": -0.040048086573163326, "TransTypePerMonth_LikeCount": -0.11871257426457708, "TransTypePerMonth_CommentCount": 3.5619910065512066, "TransTypePerMonth_ViewCount": -0.0851792453015949, "size": 4}}, "cluster_stats": {"11": {"TransTypePerMonth_DislikeCount": {"max": 0.0, "average": 0.0, "median": 0.0, "stddev": 0.0, "min": 0.0}, "TransTypePerMonth_LikeCount": {"max": 2.0, "average": 1.0714285714285714, "median": 1.0, "stddev": 0.2575393768188563, "min": 1.0}, "TransTypePerMonth_CommentCount": {"max": 0.0, "average": 0.0, "median": 0.0, "stddev": 0.0, "min": 0.0}, "TransTypePerMonth_ViewCount": {"max": 116.0, "average": 37.214285714285715, "median": 29.5, "stddev": 35.8791196169833, "min": 2.0}, "size": 14}, "10": {"TransTypePerMonth_DislikeCount": {"max": 1.0, "average": 0.03571428571428571, "median": 0.0, "stddev": 0.18557687223952268, "min": 0.0}, "TransTypePerMonth_LikeCount": {"max": 0.0, "average": 0.0, "median": 0.0, "stddev": 0.0, "min": 0.0}, "TransTypePerMonth_CommentCount": {"max": 2.0, "average": 0.07142857142857142, "median": 0.0, "stddev": 0.4573660169594891, "min": -1.0}, "TransTypePerMonth_ViewCount": {"max": 637.0, "average": 196.35714285714286, "median": 156.5, "stddev": 131.1373909536195, "min": 82.0}, "size": 28}, "13": {"TransTypePerMonth_DislikeCount": {"max": 1.0, "average": 1.0, "median": 1.0, "stddev": 0.0, "min": 1.0}, "TransTypePerMonth_LikeCount": {"max": 0.0, "average": 0.0, "median": 0.0, "stddev": 0.0, "min": 0.0}, "TransTypePerMonth_CommentCount": {"max": -3.0, "average": -3.0, "median": -3.0, "stddev": 0.0, "min": -3.0}, "TransTypePerMonth_ViewCount": {"max": 32.0, "average": 32.0, "median": 32.0, "stddev": 0.0, "min": 32.0}, "size": 1}, "12": {"TransTypePerMonth_DislikeCount": {"max": 0.0, "average": 0.0, "median": 0.0, "stddev": 0.0, "min": 0.0}, "TransTypePerMonth_LikeCount": {"max": 0.0, "average": 0.0, "median": 0.0, "stddev": 0.0, "min": 0.0}, "TransTypePerMonth_CommentCount": {"max": -1.0, "average": -1.875, "median": -1.5, "stddev": 1.0532687216470449, "min": -4.0}, "TransTypePerMonth_ViewCount": {"max": 4.0, "average": 2.0, "median": 1.5, "stddev": 1.118033988749895, "min": 1.0}, "size": 8}, "15": {"TransTypePerMonth_DislikeCount": {"max": 0.0, "average": 0.0, "median": 0.0, "stddev": 0.0, "min": 0.0}, "TransTypePerMonth_LikeCount": {"max": 0.0, "average": 0.0, "median": 0.0, "stddev": 0.0, "min": 0.0}, "TransTypePerMonth_CommentCount": {"max": -2.0, "average": -3.0, "median": -3.0, "stddev": 1.0, "min": -4.0}, "TransTypePerMonth_ViewCount": {"max": 29.0, "average": 23.5, "median": 23.5, "stddev": 5.5, "min": 18.0}, "size": 2}, "14": {"TransTypePerMonth_DislikeCount": {"max": 0.0, "average": 0.0, "median": 0.0, "stddev": 0.0, "min": 0.0}, "TransTypePerMonth_LikeCount": {"max": 0.0, "average": 0.0, "median": 0.0, "stddev": 0.0, "min": 0.0}, "TransTypePerMonth_CommentCount": {"max": -1.0, "average": -1.0, "median": -1.0, "stddev": 0.0, "min": -1.0}, "TransTypePerMonth_ViewCount": {"max": 56.0, "average": 56.0, "median": 56.0, "stddev": 0.0, "min": 56.0}, "size": 1}, "16": {"TransTypePerMonth_DislikeCount": {"max": 0.0, "average": 0.0, "median": 0.0, "stddev": 0.0, "min": 0.0}, "TransTypePerMonth_LikeCount": {"max": 0.0, "average": 0.0, "median": 0.0, "stddev": 0.0, "min": 0.0}, "TransTypePerMonth_CommentCount": {"max": -1.0, "average": -1.1428571428571428, "median": -1.0, "stddev": 0.3499271061118826, "min": -2.0}, "TransTypePerMonth_ViewCount": {"max": 11.0, "average": 7.142857142857143, "median": 7.0, "stddev": 1.9587584572574412, "min": 5.0}, "size": 7}, "1": {"TransTypePerMonth_DislikeCount": {"max": 0.0, "average": 0.0, "median": 0.0, "stddev": 0.0, "min": 0.0}, "TransTypePerMonth_LikeCount": {"max": 0.0, "average": 0.0, "median": 0.0, "stddev": 0.0, "min": 0.0}, "TransTypePerMonth_CommentCount": {"max": 0.0, "average": 0.0, "median": 0.0, "stddev": 0.0, "min": 0.0}, "TransTypePerMonth_ViewCount": {"max": 5.0, "average": 4.3924050632911396,