{"silhouette": 0.494143272824362, "features": ["AvgTransValue", "TimeSinceLastTrans", "TransTypePerMonth_TOTAL"], "n_clusters": 2, "cluster_zscores": {"1": {"TimeSinceLastTrans": 1.4025558433245993, "TransTypePerMonth_TOTAL": 1.440887645868868, "AvgTransValue": 0.07273929674533076, "size": -2}, "0": {"TimeSinceLastTrans": -0.6010953614248283, "TransTypePerMonth_TOTAL": -0.6175232768009428, "AvgTransValue": -0.03117398431942749, "size": 2}}, "cluster_stats": {"1": {"TimeSinceLastTrans": {"max": 3079.61, "average": 2606.26, "median": 3079.61, "stddev": 669.4179897493046, "min": 1659.56}, "TransTypePerMonth_TOTAL": {"max": 6.68056, "average": 6.4213, "median": 6.68056, "stddev": 0.3666490081808486, "min": 5.90278}, "AvgTransValue": {"max": 1.0, "average": 0.3333333333333333, "median": 0.0, "stddev": 0.4714045207910317, "min": 0.0}, "size": 3}, "0": {"TimeSinceLastTrans": {"max": 852.759, "average": 680.0908571428572, "median": 692.596, "stddev": 123.00761710842903, "min": 550.111}, "TransTypePerMonth_TOTAL": {"max": 3.94444, "average": 2.28968, "median": 2.23611, "stddev": 0.7594350298929933, "min": 1.48611}, "AvgTransValue": {"max": 1.0, "average": 0.2857142857142857, "median": 0.0, "stddev": 0.4517539514526256, "min": 0.0}, "size": 7}, "population": {"TimeSinceLastTrans": 12579.416000000001, "TransTypePerMonth_TOTAL": 35.29165999999999, "AvgTransValue": 3.0, "size": 10}}, "clusters": {"1": [1, 5, 7], "0": [2, 3, 4, 6, 8, 9, 10]}}