{"silhouette": 0.52893417547448607, "features": ["Age", "Gender", "LifeTime", "TimeSinceLastTrans", "AvgTransValue", "TransTypePerMonth_ViewCount", "TransTypePerMonth_LikeCount", "TransTypePerMonth_DislikeCount", "TransTypePerMonth_CommentCount", "TransTypePerMonth_TOTAL"], "n_clusters": 7, "cluster_zscores": {"1": {"TimeSinceLastTrans": NaN, "TransTypePerMonth_DislikeCount": 0.8862493232394477, "AvgTransValue": NaN, "Gender": NaN, "Age": -0.33807142354136865, "TransTypePerMonth_TOTAL": 2.8655395228243945, "TransTypePerMonth_ViewCount": 2.8786184093806377, "TransTypePerMonth_LikeCount": -0.11871257426457708, "TransTypePerMonth_CommentCount": 0.30299050316508885, "LifeTime": NaN, "size": -222}, "0": {"TimeSinceLastTrans": NaN, "TransTypePerMonth_DislikeCount": -0.040048086573163326, "AvgTransValue": NaN, "Gender": NaN, "Age": 0.3638927479594918, "TransTypePerMonth_TOTAL": -0.15088380345132524, "TransTypePerMonth_ViewCount": -0.15129301623660582, "TransTypePerMonth_LikeCount": -0.07816311197378174, "TransTypePerMonth_CommentCount": 0.027419321359781697, "LifeTime": NaN, "size": 225}, "3": {"TimeSinceLastTrans": NaN, "TransTypePerMonth_DislikeCount": -0.040048086573163326, "AvgTransValue": NaN, "Gender": NaN, "Age": -0.16328087364711949, "TransTypePerMonth_TOTAL": 5.9961982800225728, "TransTypePerMonth_ViewCount": 5.9816010220571796, "TransTypePerMonth_LikeCount": 6.8513389548851, "TransTypePerMonth_CommentCount": 1.3960091335315099, "LifeTime": NaN, "size": 5}, "2": {"TimeSinceLastTrans": NaN, "TransTypePerMonth_DislikeCount": -0.040048086573163326, "AvgTransValue": NaN, "Gender": NaN, "Age": 3.15163800555843, "TransTypePerMonth_TOTAL": -0.06475641517908132, "TransTypePerMonth_ViewCount": -0.06333266429803658, "TransTypePerMonth_LikeCount": -0.11871257426457708, "TransTypePerMonth_CommentCount": -0.24157796804588177, "LifeTime": NaN, "size": -187}, "5": {"TimeSinceLastTrans": NaN, "TransTypePerMonth_DislikeCount": -0.040048086573163326, "AvgTransValue": NaN, "Gender": NaN, "Age": 4.780303437587663, "TransTypePerMonth_TOTAL": 4.8693260642950049, "TransTypePerMonth_ViewCount": 4.8710155632783882, "TransTypePerMonth_LikeCount": 3.9999542384147775, "TransTypePerMonth_CommentCount": 0.042270462894199452, "LifeTime": NaN, "size": -4}, "4": {"TimeSinceLastTrans": NaN, "TransTypePerMonth_DislikeCount": -0.040048086573163326, "AvgTransValue": NaN, "Gender": NaN, "Age": 0.19053812994790031, "TransTypePerMonth_TOTAL": 0.86430557567412969, "TransTypePerMonth_ViewCount": 0.85372722464678696, "TransTypePerMonth_LikeCount": 2.6270653008549929, "TransTypePerMonth_CommentCount": 0.042270462894199452, "LifeTime": NaN, "size": -1}, "6": {"TimeSinceLastTrans": NaN, "TransTypePerMonth_DislikeCount": -0.002268584964491878, "AvgTransValue": NaN, "Gender": NaN, "Age": -0.5696240479522328, "TransTypePerMonth_TOTAL": -0.15908424088583054, "TransTypePerMonth_ViewCount": -0.15906971039732956, "TransTypePerMonth_LikeCount": -0.11456487354687381, "TransTypePerMonth_CommentCount": -0.037481513170536364, "LifeTime": NaN, "size": 413}}, "cluster_stats": {"1": {"TimeSinceLastTrans": {"max": 0.0, "average": 0.0, "median": 0.0, "stddev": 0.0, "min": 0.0}, "TransTypePerMonth_DislikeCount": {"max": 1.0, "average": 0.037037037037037035, "median": 0.0, "stddev": 0.18885257457751045, "min": 0.0}, "AvgTransValue": {"max": 0.0, "average": 0.0, "median": 0.0, "stddev": 0.0, "min": 0.0}, "Gender": {"max": 1.0, "average": 1.0, "median": 1.0, "stddev": 0.0, "min": 1.0}, "Age": {"max": 411.0, "average": 209.8148148148148, "median": 219.0, "stddev": 101.47177569158207, "min": 0.0}, "TransTypePerMonth_TOTAL": {"max": 637.0, "average": 200.66666666666666, "median": 158.0, "stddev": 131.71658687978237, "min": 82.0}, "TransTypePerMonth_ViewCount": {"max": 637.0, "average": 200.55555555555554, "median": 158.0, "stddev": 131.68293382867955, "min": 82.0}, "TransTypePerMonth_LikeCount": {"max": 0.0, "average": 0.0, "median": 0.0, "stddev": 0.0, "min": 0.0}, "TransTypePerMonth_CommentCount": {"max": 2.0, "average": 0.07407407407407407, "median": 0.0, "stddev": 0.4655483366657975, "min": -1.0}, "LifeTime": {"max": 0.0, "average": 0.0, "median": 0.0, "stddev": 0.0, "min": 0.0}, "size": 27}, "0": {"TimeSinceLastTrans": {"max": 0.0, "average": 0.0, "median": 0.0, "stddev": 0.0, "min": 0.0}, "TransTypePerMonth_DislikeCount": {"max": 0.0, "average": 0.0, "median": 0.0, "stddev": 0.0, "min": 0.0}, "AvgTransValue": {"max": 0.0, "average": 0.0, "median": 0.0, "stddev": 0.0, "min": 0.0}, "Gender": {"max": 1.0, "average": 1.0, "median": 1.0, "stddev": 0.0, "min": 1.0}, "Age": {"max": 525.0, "average": 334.12869198312234, "median": 314.0, "stddev": 65.75438811605609, "min": 230.0}, "TransTypePerMonth_TOTAL": {"max": 72.0, "average": 3.7151898734177213, "median": 1.0, "stddev": 9.42240693188893, "min": 0.0}, "TransTypePerMonth_ViewCount": {"max": 72.0, "average": 3.7046413502109705, "median": 1.0, "stddev": 9.412785293475842, "min": 0.0}, "TransTypePerMonth_LikeCount": {"max": 2.0, "average": 0.014767932489451477, "median": 0.0, "stddev": 0.13700091219455096, "min": 0.0}, "TransTypePerMonth_CommentCount": {"max": 1.0, "average": -0.004219409282700422, "median": 0.0, "stddev": 0.12984542239180744, "min": -1.0}, "LifeTime": {"max": 0.0, "average": 0.0, "median": 0.0, "stddev": 0.0, "min": 0.0}, "size": 474}, "3": {"TimeSinceLastTrans": {"max": 0.0, "average": 0.0, "median": 0.0, "stddev": 0.0, "min": 0.0}, "TransTypePerMonth_DislikeCount": {"max": 0.0, "average": 0.0, "median": 0.0, "stddev": 0.0, "min": 0.0}, "AvgTransValue": {"max": 0.0, "average": 0.0, "median": 0.0, "stddev": 0.0, "min": 0.0}, "Gender": {"max": 1.0, "average": 1.0, "median": 1.0, "stddev": 0.0, "min": 1.0}, "Age": {"max": 385.0, "average": 240.76923076923077, "median": 231.0, "stddev": 110.21737532025159, "min": 99.0}, "TransTypePerMonth_TOTAL": {"max": 1227.0, "average": 405.07692307692309, "median": 300.0, "stddev": 289.97412657483812, "min": 179.0}, "TransTypePerMonth_ViewCount": {"max": 1218.0, "average": 402.15384615384613, "median": 299.0, "stddev": 287.70119278751861, "min": 178.0}, "TransTypePerMonth_LikeCount": {"max": 8.0, "average": 2.5384615384615383, "median": 2.0, "stddev": 2.0981817995362855, "min": 1.0}, "TransTypePerMonth_CommentCount": {"max": 2.0, "average": 0.38461538461538464, "median": 0.0, "stddev": 0.62492603112584311, "min": 0.0}, "LifeTime": {"max": 0.0, "average": 0.0, "median": 0.0, "stddev": 0.0, "min": 0.0}, "size": 13}, "2": {"TimeSinceLastTrans": {"max": 0.0, "average": 0.0, "median": 0.0, "stddev": 0.0, "min": 0.0}, "TransTypePerMonth_DislikeCount": {"max": 0.0, "average": 0.0, "median": 0.0, "stddev": 0.0, "min": 0.0}, "AvgTransValue": {"max": 0.0, "average": 0.0, "median": 0.0, "stddev": 0.0, "min": 0.0}, "Gender": {"max": 1.0, "average": 1.0, "median": 1.0, "stddev": 0.0, "min": 1.0}, "Age": {"max": 1338.0, "average": 827.8225806451613, "median": 819.0, "stddev": 215.46839631995945, "min": 521.0}, "TransTypePerMonth_TOTAL": {"max": 83.0, "average": 9.338709677419354, "median": 1.0, "stddev": 18.83968319402417, "min": 0.0}, "TransTypePerMonth_ViewCount": {"max": 83.0, "average": 9.419354838709678, "median": 1.0, "stddev": 18.930729743357087, "min": 0.0}, "TransTypePerMonth_LikeCount": {"max": 0.0, "average": 0.0, "median": 0.0, "stddev": 0.0, "min": 0.0}, "TransTypePerMonth_CommentCount": {"max": 1.0, "average": -0.08064516129032258, "median": 0.0, "stddev": 0.6037086216842875, "min": -4.0}, "LifeTime": {"max": 0.0, "average": 0.0, "median": 0.0, "stddev": 0.0, "min": 0.0}, "size": 62}, "5": {"TimeSinceLastTrans": {"max": 0.0, "average": 0.0, "median": 0.0, "stddev": 0.0, "min": 0.0}, "TransTypePerMonth_DislikeCount": {"max": 0.0, "average": 0.0, "median": 0.0, "stddev": 0.0, "min": 0.0}, "AvgTransValue": {"max": 0.0, "average": 0.0, "median": 0.0, "stddev": 0.0, "min": 0.0}, "Gender": {"max": 1.0, "average": 1.0, "median": 1.0, "stddev": 0.0, "min": 1.0}, "Age": {"max": 1374.0, "average": 1116.25, "median": 1251.5,