{"silhouette": 0.4372016842752268, "features": ["AvgTransValue", "TimeSinceLastTrans", "TransTypePerMonth_TOTAL"], "n_clusters": 2, "cluster_zscores": {"1": {"TimeSinceLastTrans": 0.09203479243578894, "TransTypePerMonth_TOTAL": 0.17941373446823167, "AvgTransValue": -0.5830148255696543, "size": 17}, "0": {"TimeSinceLastTrans": -0.2172021101484619, "TransTypePerMonth_TOTAL": -0.4234164133450265, "AvgTransValue": 1.3759149883443895, "size": -17}}, "cluster_stats": {"1": {"TimeSinceLastTrans": {"max": 31135.3, "average": 3916.4598305084746, "median": 1757.2, "stddev": 5516.660320269793, "min": 574.667}, "TransTypePerMonth_TOTAL": {"max": 173.0, "average": 16.305084745762713, "median": 9.0, "stddev": 25.955146602597136, "min": 1.0}, "AvgTransValue": {"max": 1604.0, "average": 1536.3050847457628, "median": 1532.0, "stddev": 32.97161297663421, "min": 1497.0}, "size": 59}, "0": {"TimeSinceLastTrans": {"max": 9800.0, "average": 2407.36, "median": 1480.0, "stddev": 2568.298128946482, "min": 550.0}, "TransTypePerMonth_TOTAL": {"max": 8.0, "average": 2.64, "median": 2.0, "stddev": 2.3474241201793937, "min": 1.0}, "AvgTransValue": {"max": 1799.0, "average": 1703.72, "median": 1708.0, "stddev": 47.844347628533924, "min": 1609.0}, "size": 25}, "population": {"TimeSinceLastTrans": 291255.13, "TransTypePerMonth_TOTAL": 1028.0, "AvgTransValue": 133235.0, "size": 84}}, "clusters": {"1": [1, 3, 10, 11, 13, 15, 22, 23, 25, 26, 27, 30, 31, 34, 35, 36, 37, 40, 41, 43, 44, 48, 52, 53, 54, 55, 57, 58, 59, 60, 62, 64, 65, 67, 69, 70, 73, 76, 77, 78, 79, 80, 81, 83, 84, 87, 89, 90, 95, 96, 97, 99, 100, 102, 103, 104, 108, 111, 115], "0": [2, 4, 6, 9, 14, 16, 19, 21, 24, 28, 33, 39, 45, 46, 50, 51, 56, 66, 68, 85, 88, 92, 93, 109, 112]}}