{"1": [[0.0, 3079.61, 6.68056]], "2": [[0.0, 550.111, 2.31944]], "3": [[0.0, 692.596, 1.48611]], "4": [[1.0, 852.759, 2.23611]], "5": [[1.0, 1659.56, 5.90278]], "6": [[0.0, 569.704, 3.94444]], "7": [[0.0, 3079.61, 6.68056]], "8": [[0.0, 550.111, 2.31944]], "9": [[0.0, 692.596, 1.48611]], "10": [[1.0, 852.759, 2.23611]]}