{"silhouette": 0.3915802853608753, "features": ["AvgTransValue", "TimeSinceLastTrans", "TransTypePerMonth_TOTAL"], "n_clusters": 10, "cluster_zscores": {"1": {"TimeSinceLastTrans": -0.50960926618061309, "TransTypePerMonth_TOTAL": -0.40753514679963854, "AvgTransValue": 1.0091456660059985, "size": 0}, "0": {"TimeSinceLastTrans": 3.3247421559851338, "TransTypePerMonth_TOTAL": -0.11637859346752563, "AvgTransValue": -0.62402798737989706, "size": -3}, "3": {"TimeSinceLastTrans": -0.4449241416080969, "TransTypePerMonth_TOTAL": -0.23328236109329822, "AvgTransValue": -0.66381154762716066, "size": 12}, "2": {"TimeSinceLastTrans": 0.25622862329548557, "TransTypePerMonth_TOTAL": 0.13654528114420886, "AvgTransValue": -0.83230662632146146, "size": 4}, "5": {"TimeSinceLastTrans": -0.3384082801081727, "TransTypePerMonth_TOTAL": -0.41856380412282462, "AvgTransValue": 1.7506995279678907, "size": 4}, "4": {"TimeSinceLastTrans": -0.398064018314569, "TransTypePerMonth_TOTAL": 5.0626788855006648, "AvgTransValue": -1.0312244275577875, "size": -6}, "7": {"TimeSinceLastTrans": -0.38391874909258633, "TransTypePerMonth_TOTAL": 1.1452998043049638, "AvgTransValue": -0.77146118123740826, "size": -3}, "6": {"TimeSinceLastTrans": 1.1201006173663892, "TransTypePerMonth_TOTAL": -0.4369448996614681, "AvgTransValue": 1.5586073375583003, "size": -5}, "9": {"TimeSinceLastTrans": 0.61281044403626184, "TransTypePerMonth_TOTAL": 1.8423109471303247, "AvgTransValue": -0.96686866833427032, "size": -6}, "8": {"TimeSinceLastTrans": -0.30215992630974703, "TransTypePerMonth_TOTAL": -0.42224002323055337, "AvgTransValue": 0.032010721795593423, "size": 7}}, "cluster_stats": {"1": {"TimeSinceLastTrans": {"max": 2112.0, "average": 980.390625, "median": 806.0, "stddev": 510.6263824855061, "min": 550.0}, "TransTypePerMonth_TOTAL": {"max": 8.0, "average": 3.0, "median": 1.5, "stddev": 2.9154759474226504, "min": 1.0}, "AvgTransValue": {"max": 1694.0, "average": 1672.375, "median": 1673.5, "stddev": 17.825105189030442, "min": 1646.0}, "size": 8}, "0": {"TimeSinceLastTrans": {"max": 31135.299999999999, "average": 19692.32, "median": 16943.799999999999, "stddev": 6841.1132910952438, "min": 13108.6}, "TransTypePerMonth_TOTAL": {"max": 14.0, "average": 9.5999999999999996, "median": 13.0, "stddev": 4.6303347611160897, "min": 3.0}, "AvgTransValue": {"max": 1597.0, "average": 1532.8, "median": 1510.0, "stddev": 36.018883936068868, "min": 1502.0}, "size": 5}, "3": {"TimeSinceLastTrans": {"max": 2747.0, "average": 1296.059, "median": 1344.0, "stddev": 533.39129162351344, "min": 574.66700000000003}, "TransTypePerMonth_TOTAL": {"max": 16.0, "average": 6.9500000000000002, "median": 5.0, "stddev": 4.352872614722374, "min": 1.0}, "AvgTransValue": {"max": 1558.0, "average": 1529.4000000000001, "median": 1526.0, "stddev": 19.438106903708494, "min": 1503.0}, "size": 20}, "2": {"TimeSinceLastTrans": {"max": 7921.0, "average": 4717.7383333333337, "median": 4585.5349999999999, "stddev": 1720.4619984994015, "min": 2071.5900000000001}, "TransTypePerMonth_TOTAL": {"max": 30.0, "average": 15.333333333333334, "median": 14.5, "stddev": 6.5106749948748703, "min": 8.0}, "AvgTransValue": {"max": 1547.0, "average": 1515.0, "median": 1505.5, "stddev": 15.340577998671801, "min": 1503.0}, "size": 12}, "5": {"TimeSinceLastTrans": {"max": 3454.0, "average": 1815.8645833333333, "median": 1787.0, "stddev": 913.5928208668289, "min": 590.0}, "TransTypePerMonth_TOTAL": {"max": 8.0, "average": 2.75, "median": 2.0, "stddev": 2.2032173444003811, "min": 1.0}, "AvgTransValue": {"max": 1799.0, "average": 1735.75, "median": 1728.5, "stddev": 25.655165171949292, "min": 1708.0}, "size": 12}, "4": {"TimeSinceLastTrans": {"max": 1644.48, "average": 1524.74, "median": 1524.74, "stddev": 119.74000000000001, "min": 1405.0}, "TransTypePerMonth_TOTAL": {"max": 173.0, "average": 127.0, "median": 127.0, "stddev": 46.0, "min": 81.0}, "AvgTransValue": {"max": 1499.0, "average": 1498.0, "median": 1498.0, "stddev": 1.0, "min": 1497.0}, "size": 2}, "7": {"TimeSinceLastTrans": {"max": 2535.3299999999999, "average": 1593.77, "median": 1330.46, "stddev": 566.84289950567427, "min": 1030.74}, "TransTypePerMonth_TOTAL": {"max": 54.0, "average": 38.200000000000003, "median": 36.0, "stddev": 8.8408144421201378, "min": 27.0}, "AvgTransValue": {"max": 1547.0, "average": 1520.2, "median": 1513.0, "stddev": 17.080983578236939, "min": 1504.0}, "size": 5}, "6": {"TimeSinceLastTrans": {"max": 9800.0, "average": 8933.5, "median": 8899.0, "stddev": 693.83871805100841, "min": 8101.5}, "TransTypePerMonth_TOTAL": {"max": 4.0, "average": 2.3333333333333335, "median": 2.0, "stddev": 1.247219128924647, "min": 1.0}, "AvgTransValue": {"max": 1791.0, "average": 1719.3333333333333, "median": 1714.0, "stddev": 56.464344698422046, "min": 1653.0}, "size": 3}, "9": {"TimeSinceLastTrans": {"max": 8502.5900000000001, "average": 6457.8850000000002, "median": 6457.8850000000002, "stddev": 2044.7049999999999, "min": 4413.1800000000003}, "TransTypePerMonth_TOTAL": {"max": 57.0, "average": 54.0, "median": 54.0, "stddev": 3.0, "min": 51.0}, "AvgTransValue": {"max": 1510.0, "average": 1503.5, "median": 1503.5, "stddev": 6.5, "min": 1497.0}, "size": 2}, "8": {"TimeSinceLastTrans": {"max": 4700.0, "average": 1992.7593333333332, "median": 1238.6700000000001, "stddev": 1290.1872288494496, "min": 587.5}, "TransTypePerMonth_TOTAL": {"max": 8.0, "average": 2.6666666666666665, "median": 2.0, "stddev": 1.9550504398153574, "min": 1.0}, "AvgTransValue": {"max": 1618.0, "average": 1588.8666666666666, "median": 1594.0, "stddev": 15.054862632680804, "min": 1557.0}, "size": 15}, "population": {"TimeSinceLastTrans": 291255.13, "TransTypePerMonth_TOTAL": 1028.0, "AvgTransValue": 133235.0, "size": 84}}, "clusters": {"1": [6, 9, 19, 39, 56, 68, 93, 109], "0": [22, 30, 55, 97, 100], "3": [1, 23, 27, 31, 37, 41, 44, 53, 58, 59, 64, 69, 78, 79, 81, 83, 84, 90, 103, 104], "2": [10, 13, 15, 34, 40, 52, 62, 73, 80, 89, 95, 99], "5": [2, 4, 14, 21, 24, 28, 33, 46, 66, 85, 88, 112], "4": [43, 48], "7": [36, 60, 87, 108, 115], "6": [16, 51, 92], "9": [11, 96], "8": [3, 25, 26, 35, 45, 50, 54, 57, 65, 67, 70, 76, 77, 102, 111]}}