{"silhouette": 0.39706885747108206, "features": ["Age", "Gender", "LifeTime", "TimeSinceLastTrans", "TransTypePerMonth_TOTAL"], "n_clusters": 8, "cluster_zscores": {"0": {"TimeSinceLastTrans": -0.32847651766764663, "Gender": 1.099568881033796, "Age": -0.24505836804353184, "TransTypePerMonth_TOTAL": 1.9385573860581695, "LifeTime": -0.99093566908687891, "size": -67}, "1": {"TimeSinceLastTrans": -0.21266626725025517, "Gender": -0.90944734545397743, "Age": -0.12148887479650471, "TransTypePerMonth_TOTAL": -0.41483935052084225, "LifeTime": 0.88812760606141539, "size": 144}, "2": {"TimeSinceLastTrans": -0.24731052835211892, "Gender": 1.099568881033796, "Age": 0.087735076600565384, "TransTypePerMonth_TOTAL": -0.26350221329361595, "LifeTime": 0.98376456266808865, "size": 85}, "3": {"TimeSinceLastTrans": -0.33480083434464103, "Gender": -0.90944734545397743, "Age": -0.2286155614493314, "TransTypePerMonth_TOTAL": 2.5794629103124227, "LifeTime": -0.79876847986404098, "size": -76}, "4": {"TimeSinceLastTrans": 3.3773577045453025, "Gender": -0.90944734545397743, "Age": 0.071444932668027233, "TransTypePerMonth_TOTAL": -0.49995312693808314, "LifeTime": -0.8727969512471464, "size": -86}, "5": {"TimeSinceLastTrans": 3.5045263775099356, "Gender": 1.099568881033796, "Age": -0.0067439476481683499, "TransTypePerMonth_TOTAL": -0.47278421613705807, "LifeTime": -0.79022075308275308, "size": -101}, "6": {"TimeSinceLastTrans": -0.26219115657720193, "Gender": -0.90944734545397743, "Age": 0.18963355425857248, "TransTypePerMonth_TOTAL": -0.16189692994825017, "LifeTime": -0.85859194903891745, "size": 67}, "7": {"TimeSinceLastTrans": -0.22929375494722853, "Gender": 1.099568881033796, "Age": 0.0085695006673093387, "TransTypePerMonth_TOTAL": -0.11097356199739884, "LifeTime": -0.75896111399739141, "size": 35}}, "cluster_stats": {"0": {"TimeSinceLastTrans": {"max": 141.0, "average": 138.80327868852459, "median": 138.0, "stddev": 1.0684702122492009, "min": 138.0}, "Gender": {"max": 1.0, "average": 1.0, "median": 1.0, "stddev": 0.0, "min": 1.0}, "Age": {"max": 65.0, "average": 38.26229508196721, "median": 36.0, "stddev": 10.409487537730785, "min": 21.0}, "TransTypePerMonth_TOTAL": {"max": 337.0, "average": 136.18559836065575, "median": 117.5, "stddev": 51.730130451862571, "min": 76.0}, "LifeTime": {"max": 194.0, "average": 44.606557377049178, "median": 43.0, "stddev": 34.404192790864464, "min": 3.0}, "size": 61}, "1": {"TimeSinceLastTrans": {"max": 264.0, "average": 146.11764705882354, "median": 141.0, "stddev": 18.891158383008257, "min": 138.0}, "Gender": {"max": 0.0, "average": 0.0, "median": 0.0, "stddev": 0.0, "min": 0.0}, "Age": {"max": 65.0, "average": 39.470588235294116, "median": 39.0, "stddev": 9.610763861781253, "min": 21.0}, "TransTypePerMonth_TOTAL": {"max": 107.59999999999999, "average": 21.504347794117646, "median": 16.794650000000001, "stddev": 15.718879834147305, "min": 3.6667000000000001}, "LifeTime": {"max": 364.0, "average": 246.27573529411765, "median": 237.5, "stddev": 53.935020812525693, "min": 139.0}, "size": 272}, "2": {"TimeSinceLastTrans": {"max": 242.0, "average": 143.92957746478874, "median": 141.0, "stddev": 14.846308667211586, "min": 138.0}, "Gender": {"max": 1.0, "average": 1.0, "median": 1.0, "stddev": 0.0, "min": 1.0}, "Age": {"max": 68.0, "average": 41.516431924882632, "median": 42.0, "stddev": 9.2460351833400996, "min": 21.0}, "TransTypePerMonth_TOTAL": {"max": 107.125, "average": 28.879021126760559, "median": 23.875, "stddev": 20.459410229384627, "min": 1.5}, "LifeTime": {"max": 365.0, "average": 256.5399061032864, "median": 253.0, "stddev": 52.935114449439155, "min": 165.0}, "size": 213}, "3": {"TimeSinceLastTrans": {"max": 141.0, "average": 138.40384615384616, "median": 138.0, "stddev": 0.74057190438345011, "min": 138.0}, "Gender": {"max": 0.0, "average": 0.0, "median": 0.0, "stddev": 0.0, "min": 0.0}, "Age": {"max": 58.0, "average": 38.42307692307692, "median": 37.5, "stddev": 8.6231935763742005, "min": 21.0}, "TransTypePerMonth_TOTAL": {"max": 481.5, "average": 167.41698653846154, "median": 138.33335, "stddev": 84.066386253093114, "min": 86.333299999999994}, "LifeTime": {"max": 285.0, "average": 65.230769230769226, "median": 49.5, "stddev": 50.36314868594031, "min": 7.0}, "size": 52}, "4": {"TimeSinceLastTrans": {"max": 503.0, "average": 372.85714285714283, "median": 367.0, "stddev": 79.085719446738068, "min": 243.0}, "Gender": {"max": 0.0, "average": 0.0, "median": 0.0, "stddev": 0.0, "min": 0.0}, "Age": {"max": 60.0, "average": 41.357142857142854, "median": 40.5, "stddev": 10.510360939322203, "min": 21.0}, "TransTypePerMonth_TOTAL": {"max": 127.75, "average": 17.356745238095236, "median": 12.166650000000001, "stddev": 21.734579056208396, "min": 1.0}, "LifeTime": {"max": 194.0, "average": 57.285714285714285, "median": 35.0, "stddev": 61.56192612564459, "min": 0.0}, "size": 42}, "5": {"TimeSinceLastTrans": {"max": 478.0, "average": 380.88888888888891, "median": 393.0, "stddev": 68.974140797587552, "min": 268.0}, "Gender": {"max": 1.0, "average": 1.0, "median": 1.0, "stddev": 0.0, "min": 1.0}, "Age": {"max": 57.0, "average": 40.592592592592595, "median": 41.0, "stddev": 7.9361305024890898, "min": 21.0}, "TransTypePerMonth_TOTAL": {"max": 98.0, "average": 18.680688888888888, "median": 12.0, "stddev": 21.284532938181734, "min": 1.0}, "LifeTime": {"max": 186.0, "average": 66.148148148148152, "median": 54.0, "stddev": 55.909784278354415, "min": 0.0}, "size": 27}, "6": {"TimeSinceLastTrans": {"max": 228.0, "average": 142.9897435897436, "median": 141.0, "stddev": 12.688371313959909, "min": 138.0}, "Gender": {"max": 0.0, "average": 0.0, "median": 0.0, "stddev": 0.0, "min": 0.0}, "Age": {"max": 75.0, "average": 42.512820512820511, "median": 43.0, "stddev": 9.80494850173271, "min": 21.0}, "TransTypePerMonth_TOTAL": {"max": 88.0, "average": 33.830256410256411, "median": 27.75, "stddev": 20.514977095613244, "min": 4.5}, "LifeTime": {"max": 160.0, "average": 58.810256410256407, "median": 52.0, "stddev": 44.422908128587444, "min": 0.0}, "size": 195}, "7": {"TimeSinceLastTrans": {"max": 236.0, "average": 145.06748466257667, "median": 141.0, "stddev": 17.524436517850422, "min": 138.0}, "Gender": {"max": 1.0, "average": 1.0, "median": 1.0, "stddev": 0.0, "min": 1.0}, "Age": {"max": 66.0, "average": 40.742331288343557, "median": 40.0, "stddev": 10.29180921395179, "min": 21.0}, "TransTypePerMonth_TOTAL": {"max": 84.0, "average": 36.31175705521472, "median": 32.333300000000001, "stddev": 19.872221864018048, "min": 5.0}, "LifeTime": {"max": 171.0, "average": 69.50306748466258, "median": 61.0, "stddev": 47.521693365070533, "min": 0.0}, "size": 163}, "population": {"TimeSinceLastTrans": 163538.0, "Gender": 464.0, "Age": 41675.0, "TransTypePerMonth_TOTAL": 42762.497199999991, "LifeTime": 154732.0, "size": 1025}}, "clusters": {"0": [514, 698, 702, 729, 738, 744, 753, 761, 768, 804, 831, 861, 862, 864, 870, 877, 879, 881, 884, 892, 900, 904, 922, 924, 933, 937, 938, 955, 959, 979, 980, 990, 1014, 1033, 1049, 1050, 1053, 1054, 1056, 1065, 1066, 1068, 1070, 1079, 1081, 1082, 1084, 1088, 1099, 1100, 1102, 1108, 1109, 1129, 1131, 1139, 1140, 1160, 1174, 1178, 1181],