{"silhouette": 0.35699844562820565, "features": ["AvgTransValue", "TimeSinceLastTrans", "TransTypePerMonth_TOTAL"], "n_clusters": 5, "cluster_zscores": {"1": {"TimeSinceLastTrans": 0.60544798462055738, "TransTypePerMonth_TOTAL": -0.49413130763904839, "AvgTransValue": 3.3466336526284528, "size": -133}, "0": {"TimeSinceLastTrans": 0.028518921152941017, "TransTypePerMonth_TOTAL": 0.82779092494641726, "AvgTransValue": -0.30738337496887636, "size": -50}, "3": {"TimeSinceLastTrans": 0.59440583101224631, "TransTypePerMonth_TOTAL": -0.37888370308563579, "AvgTransValue": -0.24231797895224216, "size": 138}, "2": {"TimeSinceLastTrans": -0.080636980828688087, "TransTypePerMonth_TOTAL": 3.1761296008084456, "AvgTransValue": -0.33573529030195021, "size": -147}, "4": {"TimeSinceLastTrans": -0.62271270231870268, "TransTypePerMonth_TOTAL": -0.37024822646146038, "AvgTransValue": -0.2285276731761734, "size": 192}}, "cluster_stats": {"1": {"TimeSinceLastTrans": {"max": 9.2100000000000009, "average": 5.2732392068055578, "median": 5.0872018949999998, "stddev": 1.023285392681726, "min": 3.2650000000000001}, "TransTypePerMonth_TOTAL": {"max": 127.75, "average": 17.640443055555558, "median": 12.0, "stddev": 21.179523704065275, "min": 1.0}, "AvgTransValue": {"max": 572.0, "average": 439.91666666666669, "median": 442.5, "stddev": 77.749732046697957, "min": 311.0}, "size": 72}, "0": {"TimeSinceLastTrans": {"max": 5.6372307700000004, "average": 5.0299963061935493, "median": 5.0250000000000004, "stddev": 0.20364538749692296, "min": 4.3963157900000001}, "TransTypePerMonth_TOTAL": {"max": 124.0, "average": 82.057841290322557, "median": 80.0, "stddev": 19.638054924131321, "min": 52.5}, "AvgTransValue": {"max": 292.0, "average": 209.13548387096773, "median": 207.0, "stddev": 8.6718509534826005, "min": 207.0}, "size": 155}, "3": {"TimeSinceLastTrans": {"max": 6.4705263200000003, "average": 5.2685836509620971, "median": 5.2013333299999998, "stddev": 0.24485056496245361, "min": 5.0121212100000001}, "TransTypePerMonth_TOTAL": {"max": 57.0, "average": 23.256469970845487, "median": 20.600000000000001, "stddev": 12.353434049417038, "min": 4.3333000000000004}, "AvgTransValue": {"max": 301.0, "average": 213.24489795918367, "median": 210.0, "stddev": 14.208098188853654, "min": 207.0}, "size": 343}, "2": {"TimeSinceLastTrans": {"max": 5.3867088599999997, "average": 4.9839743601724127, "median": 4.9735893099999995, "stddev": 0.15911980156347136, "min": 4.5296721299999998}, "TransTypePerMonth_TOTAL": {"max": 481.5, "average": 196.49261206896551, "median": 169.5, "stddev": 71.575689079620048, "min": 126.75}, "AvgTransValue": {"max": 210.0, "average": 207.34482758620689, "median": 207.0, "stddev": 0.68359405522755201, "min": 207.0}, "size": 58}, "4": {"TimeSinceLastTrans": {"max": 5.0102325600000004, "average": 4.7554262089420671, "median": 4.8365714300000002, "stddev": 0.24924830671701242, "min": 3.5105882400000001}, "TransTypePerMonth_TOTAL": {"max": 62.0, "average": 23.677277581863983, "median": 21.333300000000001, "stddev": 12.591624276247387, "min": 1.5}, "AvgTransValue": {"max": 305.0, "average": 214.11586901763224, "median": 210.0, "stddev": 16.515977305647983, "min": 207.0}, "size": 397}, "population": {"TimeSinceLastTrans": 5143.4215604700012, "TransTypePerMonth_TOTAL": 42762.497199999991, "AvgTransValue": 234263.0, "size": 1025}}, "clusters": {"1": [4, 16, 21, 28, 29, 32, 33, 34, 35, 36, 39, 40, 48, 49, 50, 54, 55, 56, 64, 65, 66, 67, 69, 71, 79, 87, 92, 93, 96, 99, 101, 103, 105, 114, 118, 120, 121, 122, 124, 133, 134, 137, 138, 142, 145, 153, 154, 200, 214, 284, 286, 290, 296, 299, 307, 319, 320, 339, 350, 387, 409, 421, 494, 519, 530, 531, 545, 574, 591, 642, 688, 699], "0": [12, 63, 102, 109, 132, 148, 155, 161, 220, 252, 291, 297, 321, 344, 354, 374, 377, 403, 425, 427, 436, 454, 464, 469, 473, 492, 506, 559, 561, 569, 570, 573, 579, 590, 594, 611, 615, 620, 622, 624, 630, 634, 636, 643, 644, 646, 658, 675, 677, 681, 692, 698, 700, 704, 705, 709, 710, 711, 721, 726, 730, 736, 737, 738, 744, 749, 761, 764, 767, 773, 776, 778, 782, 784, 805, 812, 829, 831, 843, 844, 845, 861, 862, 863, 880, 881, 882, 883, 884, 886, 891, 892, 893, 896, 899, 900, 913, 916, 920, 922, 924, 933, 935, 957, 959, 975, 980, 990, 994, 1004, 1012, 1015, 1023, 1034, 1036, 1041, 1044, 1046, 1049, 1050, 1054, 1055, 1056, 1057, 1065, 1066, 1071, 1079, 1080, 1084, 1085, 1095, 1100, 1102, 1105, 1108, 1111, 1119, 1129, 1131, 1133, 1137, 1140, 1144, 1148, 1155, 1160, 1169, 1174, 1176, 1178, 1181, 1202, 1215, 1227], "3": [15, 17, 18, 19, 30, 31, 37, 45, 47, 57, 58, 59, 60, 61, 62, 74, 75, 80, 82, 84, 85, 88, 89, 116, 117, 123, 125, 126, 129, 131, 135, 136, 141, 144, 146, 150, 151, 158, 159, 160, 164, 173, 174, 175, 176, 180, 181, 186, 187, 189, 192, 194, 196, 198, 202, 206, 212, 217, 221, 222, 224, 225, 226, 230, 232, 236, 237, 240, 242, 243, 245, 246, 249, 250, 253, 254, 256, 257, 258, 273, 275, 276, 277, 278, 279, 280, 281, 287, 293, 301, 303, 305, 309, 316, 322, 324, 328, 331, 332, 335, 343, 347, 348, 349, 351, 356, 359, 364, 365, 368, 369, 370, 371, 375, 379, 381, 382, 384, 385, 392, 397, 399, 401, 402, 405, 408, 411, 415, 422, 423, 428, 429, 433, 437, 439, 445, 446, 447, 448, 449, 453, 456, 457, 458, 459, 466, 470, 471, 472, 475, 477, 479, 480, 486, 489, 490, 491, 495, 496, 499, 507, 511, 515, 516, 518, 521, 528, 532, 536, 537, 539, 542, 543, 544, 546, 547, 548, 549, 551, 554, 558, 562, 564, 568, 582, 583, 585, 588, 589, 592, 595, 605, 607, 612, 613, 614, 616, 621, 623, 632, 635, 639, 651, 656, 657, 664, 665, 667, 669, 671, 672, 674, 679, 680, 682, 683, 685, 686, 690, 691, 694, 703, 708, 714, 717, 718, 720, 724, 727, 734, 739, 741, 743, 745, 752, 757, 758, 766, 781, 788, 791, 799, 810, 811, 814, 816, 818, 819, 820, 821, 825, 826, 828, 830, 835, 836, 842, 846, 847, 849, 850, 853, 854, 866, 872, 873, 874, 894, 903, 905, 908, 909, 911, 915, 930, 931, 934, 940, 944, 945, 947, 948, 952, 954, 956, 965, 967, 976, 978, 988, 989, 998, 1001, 1002, 1005, 1006, 1007, 1013, 1020, 1021, 1028, 1038, 1042, 1060, 1062, 1064, 1069, 1072, 1075, 1076, 1077, 1090, 1096, 1101, 1114, 1116, 1122, 1124, 1126, 1132, 1136, 1142, 1143, 1162, 1166, 1168, 1170, 1171, 1173, 1175, 1183, 1187, 1190, 1197, 1201, 1204, 1205, 1211, 1214, 1216, 1218, 1220, 1224], "2": [514, 702, 729, 742, 753, 768, 801, 804, 809, 864, 870, 877, 878, 879, 898, 904, 907, 914, 928, 936, 937, 938, 942, 955, 961, 962, 963, 971, 972, 979, 984, 985, 991, 1000, 1014, 1016, 1022, 1029, 1033, 1043, 1048, 1053, 1058, 1063, 1068, 1070, 1081, 1082, 1088, 1089, 1091, 1094, 1099, 1109, 1127, 1130, 1139, 1159],